in1,name,0-4_m,0-4_f,5-9_m,5-9_f,10-14_m,10-14_f,15-19_m,15-19_f,20-24_m,20-24_f,25-29_m,25-29_f,30-34_m,30-34_f,35-39_m,35-39_f,40-44_m,40-44_f,45-49_m,45-49_f,50-54_m,50-54_f,55-59_m,55-59_f,60-64_m,60-64_f,65-69_m,65-69_f,70-74_m,70-74_f,75-79_m,75-79_f,80-84_m,80-84_f,85-89_m,85-89_f,90-94_m,90-94_f,>95_m,>95_f
02001,Comuna 01,5926,5743,5079,5070,4973,4940,5737,5845,9721,9773,10698,10723,9690,9203,7785,7882,6317,6582,5804,6239,5793,6198,5046,5926,4526,5543,3610,4717,2616,3821,2040,3457,1564,2948,821,1990,285,888,66,301
02002,Comuna 02,3206,3014,2879,2817,2765,2721,3786,4453,7457,9597,7606,9080,6048,7058,4597,5319,3664,4604,3626,4736,3737,5160,3763,5483,3894,5597,3426,4968,2577,4246,2103,3598,1529,3436,951,2399,347,1164,81,440
02003,Comuna 03,5078,4811,4723,4504,4570,4416,5023,5188,7945,8578,8732,9062,8342,8442,6802,7431,5685,6213,5117,6062,4771,5998,4523,5908,3896,5689,3155,4940,2459,4161,2060,3874,1613,3458,803,2073,242,830,62,298
02004,Comuna 04,8013,7576,7613,7439,7696,7410,7880,7948,9079,9110,9074,9140,8637,9291,7650,8100,6656,7076,5731,6618,5490,6465,4990,5928,4174,5341,3303,4647,2651,3880,2182,3504,1381,3098,752,1674,177,658,37,176
02005,Comuna 05,4594,4412,4469,4190,4198,4097,4696,4694,6489,6809,7698,8250,7911,8558,6505,7397,5362,6054,4921,5831,4896,6052,4364,6008,4017,5733,3236,4995,2531,4192,2152,3785,1639,3570,833,2299,237,981,58,292
02006,Comuna 06,4577,4518,4201,4208,3844,3788,4234,4331,5597,6049,6743,7448,7442,8327,6558,7409,5192,6056,4956,5913,5059,6320,4677,6090,4339,5932,3491,5030,2634,4373,2308,3902,1707,3827,942,2363,303,993,66,329
02007,Comuna 07,7414,6954,6906,6727,6682,6518,7055,6983,8636,8925,8825,9011,8579,9176,7707,8042,6331,7153,5896,6876,5789,7069,5233,6567,4778,6155,3861,5253,3033,4549,2555,4328,1871,3993,975,2476,294,1037,61,318
02008,Comuna 08,8521,8233,7888,7664,7564,7363,7639,7806,8561,8862,8153,7929,7229,7452,6308,6695,5359,5765,4573,5174,4103,4579,3420,4147,2901,3928,2380,3336,1920,2875,1563,2518,931,1918,412,1003,104,353,16,92
02009,Comuna 09,5115,4976,5220,4975,5183,4802,5207,5237,5867,5805,5957,5977,6138,6203,5730,5969,5019,5322,4519,5133,4489,5004,4076,4837,3791,4550,3020,4136,2403,3600,2058,3509,1439,2981,742,1780,193,618,41,176
02010,Comuna 10,4687,4555,4857,4546,4407,4579,4986,4827,5753,5915,6096,6143,6341,6602,5771,6176,4863,5504,4890,5582,4976,5729,4458,5509,4169,5008,3168,4345,2617,3894,2213,3732,1628,3336,818,2085,234,779,40,204
02011,Comuna 11,5030,4869,5284,5140,5235,4808,5418,5312,6379,6120,7079,6892,7464,7667,6858,7222,5827,6553,5724,6371,5798,6507,5047,6367,4716,5995,3893,5126,2906,4485,2543,4274,1900,3896,1035,2527,276,956,57,276
02012,Comuna 12,5737,5584,5285,5191,4947,4785,5376,5224,6536,6492,7600,8043,8838,9450,7652,8308,6098,6679,5872,6608,5778,6788,5087,6386,4843,6268,4010,5358,3047,4639,2572,4373,1888,3789,1029,2386,270,938,62,300
02013,Comuna 13,6198,5825,5427,5223,5149,4861,5701,5587,7456,8099,8738,9998,9612,11018,8637,9831,6945,7999,6484,7594,6211,7911,5696,7917,5698,7953,4791,7008,3737,5665,3053,5343,2408,4789,1327,3186,454,1243,110,449
02014,Comuna 14,5327,5335,4679,4575,4441,4410,5355,5892,8849,10406,10103,11574,9834,10934,7915,9043,6573,7612,5962,7220,5807,7445,5593,7626,5341,7561,4628,6629,3523,5537,2789,4950,2212,4357,1214,2756,356,1137,80,390
02015,Comuna 15,4959,4851,4962,4631,4700,4649,5245,5016,6590,6670,7465,7757,8110,8473,6774,7253,5560,6253,5381,6213,5017,6082,4655,5809,4246,5533,3282,4673,2590,4012,2216,3742,1620,3344,806,2142,257,744,50,242
06028,Almirante Brown,24932,24320,24200,23333,25506,24676,25799,25138,24238,23909,21756,21664,20599,21121,17975,18595,15736,16591,14730,15754,13584,14604,12038,13235,9669,11275,7130,8932,5210,6995,3779,5535,2171,3957,904,2082,233,721,58,218
06035,Avellaneda,12347,12233,12279,12267,12320,12117,12684,12527,12910,13072,12702,13060,13233,13788,11560,12018,9842,10840,9416,10327,9325,10229,8436,9943,7459,8926,5794,7818,4564,6710,3562,5995,2446,4804,1075,2654,268,860,42,225
06091,Berazategui,14456,13676,14346,13892,14245,14018,14222,14203,13974,13876,12487,12604,12535,13052,11048,11615,9676,10126,8603,9018,7966,8173,7124,7908,6008,6817,4559,5513,3356,4123,2182,3222,1204,2232,469,1106,129,382,19,80
06260,Esteban Echeverr�a,14450,13993,13892,13388,14266,13702,14041,13848,13301,13543,12334,12414,11738,12100,10385,10948,8721,9276,7810,8237,7187,7322,6153,6545,5004,5367,3563,4047,2231,2967,1564,2331,883,1687,342,917,94,285,21,62
06270,Ezeiza,8357,8056,8195,8048,8366,8107,7827,7728,7582,7307,7086,7020,6855,6842,5930,5704,4636,4589,4175,4129,3550,3598,3055,3077,2372,2381,1552,1762,1053,1297,703,977,383,673,163,362,49,133,13,30
06274,Florencio Varela,22067,21156,21519,20670,22255,21681,21721,21346,19535,18899,17895,17039,16726,16462,14586,14738,12278,12005,10315,10494,8941,9159,7763,8309,6194,6827,4656,5097,3090,3740,1967,2713,910,1601,373,784,98,276,20,100
06371,General San Mart�n,15264,15041,15369,14873,15102,14906,15762,15876,16484,16763,16098,16003,15989,16082,14013,14746,12102,12812,11150,12262,10944,12002,10046,11424,8733,10500,6956,8746,5518,7949,4196,6745,2710,5166,1273,2995,316,981,69,230
06408,Hurlingham,6934,6685,6991,6899,6840,6861,7154,7211,7494,7432,7034,6981,6882,7109,6082,6164,5255,5450,4889,5517,4653,5286,4452,5169,3985,4565,3031,3697,2283,3043,1699,2562,1031,1944,440,966,128,335,21,87
06410,Ituzaing�,6024,5800,6479,6117,6186,6105,6526,6462,6659,6391,6079,5871,6254,6451,5852,6268,5443,5570,5005,5396,4456,5011,4166,4781,3733,4213,2892,3495,2180,2791,1654,2462,953,1853,474,1062,128,420,45,117
06412,Jos� C. Paz,13336,13170,12841,12495,13201,12709,12889,12757,11731,11948,10994,11090,10342,10365,8666,8733,7295,7439,6465,6831,6112,6418,5441,5681,4306,4648,3024,3489,2101,2622,1419,2066,715,1335,313,611,75,220,25,63
06427,La Matanza,81900,79331,78587,76355,79938,78925,81812,80971,76270,78600,69430,72302,68595,70821,60043,63080,52473,54387,47099,49166,41352,43956,36442,39708,31019,34525,23307,27322,16604,21928,11453,17022,6533,11865,2941,6263,739,2084,153,515
06434,Lan�s,16693,15732,16303,15594,16092,15606,16839,16764,17465,17748,17189,17534,17649,18186,15479,16001,13344,14270,12740,13867,12680,14169,11551,13539,10426,12221,7880,10334,6247,9122,5076,8346,3221,6530,1575,3402,378,1137,46,288
06490,Lomas de Zamora,25761,24738,24338,23562,24166,23676,25976,25133,25844,26077,24361,24614,23729,24429,20825,21586,17303,18862,16346,17686,15704,17246,13712,15851,11990,14367,9243,11979,7117,9880,5378,8290,3272,6260,1519,3464,387,1191,71,346
06515,Malvinas Argentinas,15009,14459,14787,14095,15180,14408,15092,14490,14011,13988,12739,12996,12618,12885,11007,11359,9348,9690,8502,8630,7680,7952,6753,7395,5761,6361,4351,4865,2972,3731,1876,2807,1008,1793,386,901,104,286,21,79
06539,Merlo,25027,24382,24234,23434,24925,24002,25120,24454,22998,23262,20668,21322,20785,20820,17485,17948,14675,15234,13410,14378,12542,13344,11257,12217,9396,10336,6819,7698,4539,5934,2884,4662,1675,3265,715,1671,221,562,42,152
06560,Moreno,23319,22090,21954,21360,22775,21622,22457,22026,20650,20430,18274,18436,17471,17930,15124,15873,12813,12966,11344,11610,10214,10696,8921,9515,7053,7401,4970,5658,3225,3992,2093,3020,1031,2111,462,988,115,397,26,93
06568,Mor�n,10551,10385,10911,10310,10698,10123,11223,10839,12313,11822,11597,11533,12312,12843,11312,11339,9392,10200,9185,9957,9067,10161,8226,10027,7908,8914,5778,7621,4525,6650,3832,6023,2606,5037,1300,2950,319,1011,74,235
06658,Quilmes,24910,24139,23794,22871,23731,22994,24135,24161,23987,24067,22579,23026,22722,23256,19703,20085,16526,17624,15435,16436,14735,15948,13081,15138,11538,13374,8805,10940,6574,9105,4779,7698,3033,5723,1394,3098,402,1042,65,290
06749,San Fernando,6758,6504,6236,6285,6585,6195,6761,6806,7054,6801,6715,6494,6167,6459,5351,5493,4780,5333,4431,4785,4096,4543,3658,4134,3060,3694,2411,3092,1790,2530,1373,2253,874,1702,407,987,117,386,21,119
06756,San Isidro,9618,9221,10116,9576,9931,9564,10463,10309,11147,11240,10474,10540,10459,11350,9767,10438,8525,9468,8188,9576,8220,9528,7583,8828,6863,8318,5423,7136,4227,5930,3514,5270,2322,4387,1220,2585,298,943,49,264
06760,San Miguel,11993,11419,11696,11196,11894,11555,12280,12381,12466,12383,11233,11307,10730,10747,9317,9515,7907,8553,7254,7981,6861,7425,5962,6735,5135,5813,3752,4603,2708,3515,1753,2811,1037,2015,444,1110,124,400,38,142
06805,Tigre,17955,16902,17450,17022,17317,16688,16323,16219,15117,15372,13877,14203,14013,14866,13620,14821,12251,12794,10889,10743,9039,9183,7604,8235,6509,7191,4961,5733,3472,4363,2370,3360,1300,2211,533,1148,138,439,36,114
06840,Tres de Febrero,11553,11320,11825,11524,11804,11398,12441,12086,12982,12995,12917,13013,12988,13367,11657,11994,9934,10514,9553,10569,9327,10610,8637,10056,7543,9318,6075,7716,4618,6850,3862,6311,2559,4910,1154,2626,310,860,67,228
06861,Vicente L�pez,7630,7207,7785,7487,7837,7397,8384,8115,9956,9616,9706,9846,9874,10547,9260,9941,7978,9144,8005,9086,7986,9368,7040,8452,6941,8955,5390,7060,4294,6076,3410,5717,2632,5072,1252,2968,358,1174,74,400
06007,Adolfo Alsina,528,520,633,578,727,687,680,697,482,487,506,504,531,572,574,575,550,532,545,586,519,491,502,459,451,476,386,423,315,373,263,300,137,227,45,108,26,61,5,11
06014,Adolfo Gonz�les Chaves,416,431,463,472,539,470,551,474,377,336,355,374,418,424,348,353,344,363,353,368,359,343,300,342,310,346,235,259,205,226,167,220,118,180,35,105,15,42,1,10
06021,Alberti,404,395,400,356,411,354,372,358,361,306,293,322,368,373,312,311,286,284,272,345,330,354,318,322,287,314,217,245,217,267,164,208,95,195,57,112,15,43,2,9
06042,Ayacucho,861,820,850,829,909,795,871,816,717,699,694,660,640,668,597,646,563,578,588,595,512,537,494,513,481,507,424,439,288,389,247,304,148,261,75,185,22,91,4,20
06049,Azul,2517,2341,2726,2557,2673,2617,2594,2603,2180,2051,2068,2202,2301,2297,2113,2122,1843,1975,1849,1945,1671,1815,1695,1838,1584,1815,1364,1468,1003,1189,671,1099,495,870,233,584,58,181,10,63
06056,Bah�a Blanca,10766,10389,10825,10369,10706,10216,12113,11865,13605,13749,12299,12334,11256,11561,9711,9832,8381,9038,8384,9320,7656,8496,6959,8129,6397,7621,5100,6478,3958,5443,3154,4700,2027,3874,977,2338,316,907,58,265
06063,Balcarce,1603,1533,1657,1589,1800,1689,1733,1661,1719,1586,1443,1501,1483,1597,1437,1430,1245,1316,1314,1357,1213,1239,1168,1203,1050,1066,816,982,713,800,555,708,358,579,161,328,43,104,9,35
06070,Baradero,1279,1259,1462,1409,1435,1319,1386,1286,1246,1145,1187,1138,1259,1226,1069,1115,949,976,932,898,850,868,755,881,694,721,604,599,417,541,313,478,231,363,88,242,31,79,6,25
06077,Arrecifes,1149,1121,1183,1199,1260,1231,1203,1211,1059,1084,986,1015,959,1064,918,940,808,914,835,865,743,767,702,747,640,708,512,571,395,523,288,423,210,348,92,236,31,78,6,20
06084,Benito Ju�rez,739,691,875,878,853,828,835,734,779,589,739,592,737,637,665,673,670,601,598,585,500,556,493,555,497,476,441,449,363,346,234,320,147,271,47,135,22,63,5,21
06098,Berisso,3538,3574,3821,3575,3730,3553,3747,3694,3628,3616,3400,3485,3301,3424,2997,3016,2642,2817,2389,2534,2270,2351,2013,2160,1781,1906,1289,1684,994,1420,768,1164,449,821,179,469,68,144,8,51
06105,Bol�var,1116,1140,1262,1213,1314,1199,1378,1313,1179,1006,1140,1030,1138,1086,1066,1089,979,918,1015,991,914,1005,902,944,923,1007,794,844,670,818,477,684,335,514,154,359,64,163,8,39
06112,Bragado,1542,1479,1583,1586,1722,1549,1656,1537,1318,1207,1239,1315,1416,1407,1171,1342,1120,1242,1244,1258,1119,1330,1123,1162,1058,1113,833,909,694,874,565,791,383,627,174,388,51,150,14,45
06119,Brandsen,1260,1229,1317,1240,1179,1093,1166,1077,1009,1022,983,998,988,975,891,932,788,746,665,673,613,688,562,584,507,540,432,435,310,334,197,313,124,222,52,138,18,54,3,10
06126,Campana,4285,4110,4326,4126,4168,4159,4105,3867,4075,3600,3941,3607,3690,3585,3339,3275,2864,2863,2687,2706,2503,2503,2072,2041,1687,1840,1336,1552,917,1202,658,907,380,686,176,383,56,142,6,36
06134,Ca�uelas,2602,2491,2542,2429,2534,2377,2432,2235,2054,2060,1987,2003,1950,2082,1762,1787,1504,1524,1357,1318,1262,1231,1138,1149,949,917,718,772,487,541,332,460,207,301,77,214,21,64,5,17
06140,Capit�n Sarmiento,544,571,610,595,637,619,560,628,573,540,571,550,536,552,439,439,424,416,396,429,396,371,361,329,263,320,247,298,194,279,138,189,100,158,55,100,14,37,0,16
06147,Carlos Casares,859,866,926,881,938,891,904,907,700,705,698,687,743,717,714,781,645,704,695,699,612,549,539,569,532,583,446,451,345,468,268,325,176,301,89,185,23,84,4,28
06154,Carlos Tejedor,423,398,510,455,518,457,433,453,345,346,341,341,410,373,425,410,363,334,307,323,303,294,304,301,314,304,274,270,194,257,169,177,109,121,42,90,18,50,4,10
06161,Carmen de Areco,625,553,643,617,650,559,572,573,547,516,548,538,527,542,470,452,432,473,435,416,416,392,390,372,322,351,269,282,189,247,146,174,84,170,44,85,14,43,5,9
06168,Castelli,275,284,355,332,367,365,318,337,270,274,264,284,279,310,256,288,254,249,248,234,217,219,220,183,184,204,164,160,126,146,103,140,58,110,32,60,6,21,1,8
06175,Col�n,957,936,995,978,1080,1002,970,1049,910,887,849,889,820,835,778,749,747,754,741,802,724,681,641,656,533,572,429,547,347,466,290,390,170,311,93,175,30,73,5,29
06182,Coronel de Marina L. Rosales,2484,2572,2642,2577,2574,2446,2664,2521,2597,2506,2196,2328,2431,2485,2334,2169,1797,1743,1693,1678,1477,1616,1389,1548,1275,1488,1015,1177,713,933,593,805,325,627,171,364,36,121,7,35
06189,Coronel Dorrego,556,527,528,585,625,562,614,594,493,448,486,500,500,487,449,482,471,503,475,485,455,449,452,430,415,460,386,407,331,384,218,309,154,263,72,161,19,72,2,16
06196,Coronel Pringles,844,834,865,838,962,917,1065,967,743,687,659,711,685,727,680,745,688,756,707,723,633,676,565,656,559,602,488,526,373,421,292,397,180,325,90,189,32,91,5,30
06203,Coronel Su�rez,1333,1287,1419,1366,1458,1393,1569,1537,1299,1237,1293,1300,1269,1274,1283,1343,1254,1219,1170,1212,1108,1158,1006,1025,920,1050,796,858,617,757,486,652,301,506,130,268,32,106,9,20
06210,Chacabuco,1871,1779,1859,1857,1971,1938,1762,1809,1593,1519,1596,1617,1808,1904,1648,1589,1443,1373,1319,1437,1281,1291,1283,1368,1276,1252,954,1143,783,1004,608,865,407,670,165,430,48,133,15,35
06217,Chascom�s,1892,1711,1832,1759,1754,1719,1727,1692,1512,1464,1504,1616,1631,1586,1358,1410,1147,1200,1141,1148,1148,1142,1052,1093,941,1024,742,805,515,712,428,611,232,474,114,272,29,102,8,30
06224,Chivilcoy,2366,2278,2565,2413,2420,2374,2288,2341,2054,2025,2025,2031,2189,2328,2046,2071,1916,1950,1762,1930,1748,1976,1708,1800,1644,1824,1241,1587,1053,1403,835,1213,517,989,277,606,77,232,13,70
06231,Daireaux,717,690,731,671,783,742,765,669,593,537,525,589,561,619,513,528,456,475,484,529,483,432,445,431,419,406,350,325,228,306,166,202,110,162,46,121,23,47,4,6
06238,Dolores,1019,1003,1101,1083,1192,1167,1117,1100,960,836,867,918,930,990,856,858,814,846,797,818,654,770,644,699,625,673,489,624,434,507,295,430,149,360,89,194,26,80,3,25
06245,Ensenada,2591,2413,2483,2379,2399,2345,2447,2293,2302,2333,2105,2274,2213,2142,1795,1820,1517,1634,1518,1612,1525,1600,1347,1378,1156,1155,854,999,627,867,477,721,281,546,111,295,39,114,3,19
06252,Escobar,10512,10108,10146,9954,10645,10012,9919,9830,9297,9201,8348,8316,8255,8521,7514,7770,6555,6806,5608,5895,5179,5177,4347,4455,3568,3726,2551,2722,1606,1885,1075,1447,558,1006,243,536,79,192,12,43
06266,Exaltaci�n de la Cruz,1314,1338,1362,1363,1369,1330,1355,1276,1206,1201,1088,1121,1166,1143,1040,1077,942,909,881,786,755,654,659,651,612,571,453,449,309,356,206,262,139,223,52,114,14,40,1,18
06277,Florentino Ameghino,395,369,375,375,424,367,409,399,318,283,288,294,263,283,269,308,273,258,263,271,232,237,231,213,215,215,155,155,113,122,99,115,67,104,20,58,7,18,3,6
06280,General Alvarado,1613,1581,1752,1716,1689,1641,1699,1582,1403,1423,1261,1311,1347,1419,1296,1357,1187,1170,1104,1144,993,1022,960,1010,894,1005,743,785,560,642,425,563,290,461,150,244,33,92,5,22
06287,General Alvear,342,334,469,400,472,409,471,416,749,291,622,305,613,358,460,351,414,292,288,267,257,231,275,245,268,226,207,208,154,185,108,128,67,105,35,62,5,26,4,11
06294,General Arenales,456,449,538,517,570,541,545,576,510,468,494,460,485,526,452,453,445,440,419,449,435,457,421,420,363,387,356,388,291,319,238,334,143,241,82,136,17,63,8,11
06301,General Belgrano,685,591,662,668,701,693,748,653,564,551,549,590,611,620,613,595,463,449,443,466,423,458,441,471,450,516,395,455,292,328,214,280,138,265,62,161,26,57,3,15
06308,General Guido,100,103,121,89,116,119,113,105,102,102,110,99,82,80,91,88,78,82,92,88,82,66,91,58,82,68,65,63,43,56,41,46,19,27,12,17,4,11,0,5
06315,General Juan Madariaga,841,825,914,901,914,894,860,850,738,659,573,714,619,665,621,617,548,603,554,590,498,491,445,513,431,438,326,417,239,355,207,280,127,230,50,108,19,55,3,15
06322,General La Madrid,382,365,429,426,497,467,487,468,331,319,327,373,382,369,356,406,314,325,317,308,322,317,322,289,262,269,233,238,153,156,107,144,69,103,28,62,7,36,3,15
06329,General Las Heras,651,628,688,713,649,664,629,596,608,609,602,562,535,505,471,511,423,445,378,402,376,393,337,340,289,319,224,235,169,227,125,184,83,163,29,83,9,28,0,7
06336,General Lavalle,155,152,182,188,173,160,146,160,137,125,134,125,139,151,109,109,115,106,108,106,85,84,97,84,119,75,72,60,64,51,28,27,18,20,6,19,5,5,1,0
06343,General Paz,415,431,516,487,492,464,459,421,397,392,376,367,387,410,373,374,298,281,284,296,284,289,313,278,300,269,230,241,164,172,132,190,87,135,39,93,10,38,4,14
06351,General Pinto,440,418,530,471,512,449,510,455,369,376,363,362,384,381,384,380,308,338,321,304,319,279,272,305,272,305,251,215,181,212,105,163,74,112,34,68,7,21,3,8
06357,General Pueyrred�n,21621,20620,23043,22166,23349,22343,24370,23732,23682,23479,22113,22456,21485,22418,19798,20973,18011,19289,17634,19204,16702,18524,15261,17710,13761,17072,11088,14665,8803,12474,6987,10928,4590,8404,2250,4992,622,1766,124,480
06364,General Rodr�guez,4727,4548,4414,4398,4354,4190,4147,3996,3679,3776,3448,3517,3319,3458,2785,2862,2360,2441,2270,2258,2021,1958,1794,1761,1370,1327,967,1066,680,828,463,682,256,491,123,268,35,105,9,34
06385,General Viamonte,648,581,721,614,746,659,738,756,617,613,605,633,675,642,538,526,514,534,502,515,466,461,431,495,476,519,374,424,338,388,239,335,167,254,73,147,24,60,2,28
06392,General Villegas,1354,1251,1392,1271,1409,1357,1350,1220,1014,1022,1098,1085,1085,1094,1019,961,896,896,966,861,848,836,807,712,658,708,586,579,456,514,290,386,212,310,86,156,25,78,3,13
06399,Guamin�,433,382,466,486,504,437,461,404,336,280,358,352,417,450,377,366,344,323,366,360,367,348,356,326,342,332,252,266,231,228,158,207,92,190,46,100,17,46,5,15
06406,Hip�lito Yrigoyen,394,364,425,358,422,391,399,371,278,261,290,300,332,357,301,314,265,271,271,271,236,268,247,260,218,249,233,221,193,182,113,161,70,125,39,72,13,39,0,11
06413,Jun�n,3323,3173,3268,3208,3239,3323,3417,3360,3582,3206,3490,3253,3347,3358,2906,2838,2537,2611,2480,2665,2378,2633,2304,2521,1995,2356,1588,2050,1332,1837,1032,1781,733,1433,403,861,88,302,22,72
06420,La Costa,2753,2622,2915,2829,3004,2895,2755,2799,2393,2304,2142,2141,2218,2440,2191,2303,1975,2093,2011,2053,1950,2000,1872,2027,1775,1906,1557,1624,1182,1341,836,1022,473,619,193,261,35,91,9,24
06441,La Plata,25193,24261,24648,23755,23930,23064,25906,25915,30630,30803,27904,27994,26311,27154,22887,23725,19284,19864,17565,18343,15796,17659,14122,16413,12476,14868,9767,12322,7322,10218,5551,8929,3654,7351,1720,4282,499,1635,98,506
06448,Laprida,407,414,461,443,461,509,458,441,265,282,280,342,346,364,330,288,291,319,319,310,263,267,251,252,209,247,223,239,143,185,122,147,76,123,29,66,4,27,2,5
06455,Las Flores,904,877,982,937,897,935,965,924,783,721,778,739,805,783,697,756,625,682,703,788,637,693,608,679,615,634,469,568,399,500,301,406,207,363,106,245,35,101,2,22
06462,Leandro N. Alem,659,622,748,687,763,725,725,691,521,512,517,592,576,577,497,516,447,431,436,471,425,405,412,453,394,414,346,389,263,368,233,311,151,229,74,116,24,58,4,17
06469,Lincoln,1598,1474,1627,1615,1738,1659,1743,1530,1358,1274,1363,1379,1493,1505,1305,1350,1247,1308,1207,1239,1111,1202,1105,1104,1041,1126,851,950,705,804,493,692,297,561,165,349,43,145,15,37
06476,Lober�a,606,598,755,697,732,702,765,699,600,557,569,539,545,550,547,540,536,538,592,575,516,497,478,412,412,413,357,340,292,324,214,302,172,235,74,142,24,54,4,19
06483,Lobos,1483,1526,1486,1552,1509,1443,1409,1375,1278,1336,1250,1217,1286,1352,1174,1140,997,1008,967,1047,927,972,872,964,872,848,702,803,489,665,381,558,263,443,110,279,35,118,7,29
06497,Luj�n,4325,4191,4419,4255,4421,4259,4352,4260,4250,4137,4070,3995,4141,4076,3607,3713,3288,3304,3059,3078,2739,2779,2433,2577,2165,2304,1732,2031,1279,1657,919,1419,612,1066,267,688,88,235,19,64
06505,Magdalena,818,754,743,751,706,713,795,738,1244,701,1243,649,1117,682,810,555,570,469,515,416,454,423,403,390,368,348,288,290,218,227,194,230,105,168,44,112,10,29,3,8
06511,Maip�,388,349,438,405,421,412,404,411,330,347,317,372,324,339,307,316,239,321,271,309,261,280,247,296,276,291,230,248,132,179,117,179,89,148,40,94,13,32,5,11
06518,Mar Chiquita,801,795,855,835,928,853,871,816,762,681,724,752,723,761,667,719,568,631,625,567,555,593,568,559,566,555,460,473,404,388,269,333,161,202,75,106,21,40,2,15
06525,Marcos Paz,2687,2744,2579,2506,2692,2494,2889,2498,2761,2381,2247,2096,2324,1928,1832,1788,1589,1499,1413,1398,1200,1156,1083,972,879,863,644,667,437,493,271,396,183,277,74,160,15,42,3,21
06532,Mercedes,2571,2437,2728,2584,2501,2464,2597,2546,2559,2287,2475,2327,2374,2281,2034,1995,1854,1827,1693,1773,1697,1822,1512,1689,1334,1431,1027,1193,806,1131,641,963,412,779,181,473,46,178,12,50
06547,Monte,872,936,936,861,838,885,892,902,929,817,786,805,848,817,686,704,595,601,557,556,525,507,534,515,436,439,327,344,240,318,184,260,105,206,47,123,19,64,2,16
06553,Monte Hermoso,264,239,272,239,284,234,248,224,227,209,217,210,258,265,246,211,188,174,185,165,153,194,189,175,194,185,146,156,110,104,64,81,53,57,23,38,4,11,1,2
06574,Navarro,779,733,771,722,761,759,775,705,676,652,607,593,589,587,492,496,469,469,500,520,451,436,386,392,357,389,304,304,207,251,164,228,109,170,56,123,9,39,9,15
06581,Necochea,3314,3348,3750,3654,3772,3697,3813,3709,3054,2981,3019,3063,2974,3271,2832,3137,2643,2806,2730,2954,2530,2772,2249,2546,2156,2498,1896,2230,1451,1872,1150,1598,646,1285,317,726,106,297,18,69
06588,9 de Julio,1878,1779,1972,1920,2010,1923,1876,1893,1404,1381,1388,1454,1597,1678,1537,1576,1317,1426,1427,1494,1246,1341,1218,1238,1125,1210,1016,1124,823,1013,617,876,415,644,192,399,68,167,14,46
06595,Olavarr�a,4271,4085,4520,4497,4652,4422,4587,4251,4472,3804,4165,3686,4003,3912,3794,3684,3313,3400,3361,3370,2859,3062,2737,2974,2523,2786,2062,2359,1599,2063,1195,1709,758,1279,313,734,93,277,11,66
06602,Patagones,1228,1138,1204,1162,1364,1305,1352,1317,1048,1047,1014,1012,1086,1130,1048,1088,878,941,883,853,817,787,758,725,740,697,533,569,438,455,307,397,181,307,94,192,21,71,6,14
06609,Pehuaj�,1589,1585,1627,1632,1747,1635,1574,1551,1265,1238,1190,1271,1283,1370,1287,1371,1166,1131,1154,1201,1061,1052,1004,1061,962,1037,810,930,599,785,419,667,313,521,141,322,52,136,11,26
06616,Pellegrini,219,200,212,244,262,251,258,224,185,197,171,176,211,207,194,192,171,179,192,180,185,156,152,157,160,155,113,138,106,111,68,72,31,69,18,40,7,16,1,7
06623,Pergamino,3861,3804,4117,4083,3889,3713,4227,4417,3758,3794,3559,3936,3565,3911,2986,3508,2757,3147,3104,3377,2768,3254,2757,2938,2038,2486,1755,2207,1612,2050,1417,1897,680,1437,324,814,70,469,23,81
06630,Pila,150,145,159,150,170,137,138,183,158,137,133,144,122,117,129,106,108,128,111,97,99,95,97,81,78,72,68,58,36,50,41,44,22,36,13,19,2,6,0,1
06638,Pilar,15445,15030,15584,15194,15489,14954,14416,14202,12753,12603,11380,11535,11222,11884,10581,11310,9446,9797,8219,8128,6745,6456,5529,5372,4329,4639,3075,3364,1954,2350,1264,1734,646,1150,272,632,72,209,32,81
06644,Pinamar,1181,1136,1162,1122,1034,1039,970,915,982,917,974,968,1069,1148,985,969,795,814,761,749,714,681,643,654,503,519,389,435,296,324,185,237,110,148,54,95,7,31,6,7
06648,Presidente Per�n,4730,4569,4498,4347,4314,4204,3933,3950,3503,3644,3331,3363,3154,3201,2642,2736,2121,2162,1815,1970,1774,1705,1426,1447,1116,1115,838,836,477,621,329,464,156,314,62,175,24,51,7,17
06651,Pu�n,418,410,512,480,563,493,519,517,454,408,424,438,421,511,523,490,496,490,540,539,492,493,480,475,489,494,413,467,378,414,293,371,199,283,87,150,20,77,3,19
06655,Punta Indio,336,348,431,375,438,407,399,393,319,294,347,316,335,354,324,335,295,282,274,277,276,271,262,230,233,245,204,237,188,201,132,172,89,118,46,64,6,21,3,11
06665,Ramallo,1518,1446,1436,1447,1396,1346,1473,1452,1248,1266,1285,1275,1230,1242,1104,1085,907,913,926,880,774,844,774,826,680,668,516,591,422,494,321,388,201,332,77,152,30,45,2,30
06672,Rauch,584,545,666,589,634,618,656,598,494,454,441,500,493,513,519,538,416,423,444,419,413,441,381,389,382,394,328,382,256,276,167,248,108,191,53,135,12,55,3,18
06679,Rivadavia,757,717,816,696,848,745,763,735,621,632,586,570,626,560,563,497,512,488,514,481,508,504,433,367,321,376,329,293,237,254,166,182,96,132,66,98,14,26,3,11
06686,Rojas,853,887,953,902,904,857,924,914,787,776,786,829,821,795,732,690,678,737,678,678,618,649,597,620,548,630,464,553,388,452,310,457,221,334,84,194,32,73,4,23
06693,Roque P�rez,529,471,536,531,510,501,488,481,479,430,448,455,474,455,406,387,350,329,325,328,342,329,309,312,283,308,239,233,203,240,150,211,93,167,40,94,15,26,1,5
06700,Saavedra,724,665,766,714,726,705,770,697,932,630,869,676,780,699,719,657,657,630,622,665,587,592,560,537,492,552,407,465,345,430,263,391,191,281,78,158,25,73,1,18
06707,Saladillo,1287,1210,1291,1220,1323,1210,1262,1218,1119,1071,1054,1074,1103,1122,964,1081,830,940,892,903,866,879,776,841,792,831,701,749,560,647,371,558,294,449,137,275,53,104,8,38
06714,Salto,1365,1316,1363,1387,1335,1346,1267,1280,1166,1114,1169,1105,1087,1162,1066,1090,941,933,955,908,839,876,843,871,727,745,577,610,473,614,392,532,237,427,128,247,36,95,3,26
06721,Salliquel�,333,287,318,347,347,346,329,332,284,265,267,294,319,322,276,294,247,251,268,275,248,251,225,224,224,215,178,198,135,172,101,153,70,96,40,67,7,28,1,10
06728,San Andr�s de Giles,980,945,1027,968,1005,970,1050,959,978,934,864,854,823,818,733,679,671,667,683,657,583,536,553,509,465,456,337,390,277,356,216,309,168,262,78,154,15,67,3,28
06735,San Antonio de Areco,887,923,959,946,1001,852,974,931,843,825,867,826,857,835,746,765,729,697,652,703,655,648,573,577,481,552,391,430,278,377,235,346,132,282,71,178,20,74,2,18
06742,San Cayetano,281,286,318,297,324,309,350,331,298,251,272,278,274,285,275,294,253,237,278,253,236,224,226,261,227,216,180,177,150,185,106,128,70,114,36,74,12,22,3,8
06763,San Nicol�s,5973,5542,5864,5588,5812,5820,6085,5908,5746,5501,5576,5585,5576,5755,4744,4919,4227,4488,4255,4395,3725,4069,3553,3983,3071,3388,2409,2895,1980,2432,1358,1892,807,1406,309,746,85,295,16,79
06770,San Pedro,2594,2626,2803,2726,2762,2696,2685,2626,2278,2283,2145,2077,2177,2196,1820,1874,1554,1725,1553,1567,1518,1578,1482,1350,1157,1160,880,958,645,793,501,689,310,539,144,351,46,123,12,33
06778,San Vicente,3017,3104,3098,2918,2963,2921,2852,2773,2408,2387,2214,2332,2277,2396,2022,2102,1639,1707,1476,1497,1342,1312,1232,1255,961,972,662,747,483,615,332,466,182,357,80,212,41,94,7,23
06784,Suipacha,450,449,446,444,417,402,453,434,402,378,347,320,366,361,292,314,278,277,254,279,271,265,260,237,208,231,177,214,140,177,109,134,63,106,32,50,9,24,1,10
06791,Tandil,4509,4346,4854,4625,4732,4456,5042,4851,4932,5053,4664,4684,4711,4812,4187,4351,3552,3805,3489,3641,3201,3386,2919,3247,2623,3124,2251,2597,1751,2239,1227,1842,784,1514,358,941,104,364,14,89
06798,Tapalqu�,395,353,421,403,412,400,393,328,242,321,348,300,273,329,304,301,258,265,257,243,253,268,237,233,211,227,174,171,134,142,115,132,67,128,32,67,8,26,2,5
06812,Tordillo,63,45,97,72,96,68,87,83,76,71,45,56,57,56,58,57,48,52,63,64,54,48,44,35,48,33,35,31,28,23,14,20,10,16,4,3,1,3,0,0
06819,Tornquist,419,432,513,447,484,464,490,478,433,360,412,401,406,414,424,418,379,396,439,432,412,382,346,350,343,366,303,282,213,217,166,210,111,190,48,81,9,38,4,11
06826,Trenque Lauquen,1691,1674,1918,1899,1880,1864,1768,1768,1403,1401,1545,1477,1569,1504,1522,1616,1360,1272,1218,1279,1128,1141,1011,1012,934,1019,716,849,538,681,405,643,290,514,120,253,34,84,4,17
06833,Tres Arroyos,2075,1988,2165,2057,2242,2150,2304,2107,1858,1776,1731,1743,1972,2044,1700,1837,1709,1810,1701,1786,1577,1596,1494,1556,1453,1613,1189,1392,973,1255,749,1080,504,816,233,515,76,212,15,57
06847,Tres Lomas,354,375,364,312,369,366,359,349,271,246,278,287,302,267,298,304,213,234,240,266,242,232,191,209,223,254,204,196,141,174,112,127,88,110,27,64,15,32,0,5
06854,25 de Mayo,1331,1354,1465,1436,1473,1374,1439,1458,1119,1147,1079,1124,1182,1205,1081,1136,1014,1037,1008,1040,952,974,899,976,903,950,731,871,632,739,470,645,320,553,171,307,54,125,17,51
06868,Villa Gesell,1406,1328,1413,1317,1423,1366,1329,1217,1177,1082,1162,1091,1210,1247,1118,1131,1009,966,935,908,831,872,786,829,709,744,564,598,368,403,258,323,146,224,63,114,12,36,1,14
06875,Villarino,1384,1295,1421,1442,1500,1518,1504,1486,1218,1247,1177,1112,1119,1099,1065,1014,848,801,825,799,763,688,661,627,639,580,533,482,411,386,297,326,206,249,76,134,23,42,7,10
06882,Z�rate,5182,5007,5188,4960,4926,4903,5078,4844,5078,4376,4574,4335,4413,4438,3925,3819,3290,3266,3023,3128,2922,2842,2556,2552,2197,2286,1637,1909,1226,1499,821,1312,568,1010,286,577,66,186,14,50
10007,Ambato,157,164,171,187,230,223,205,199,157,134,176,173,179,141,127,127,113,125,157,112,133,104,142,102,94,90,91,77,78,60,46,50,39,43,19,22,5,8,2,1
10014,Ancasti,129,106,135,170,191,169,144,119,104,78,100,86,121,106,85,69,104,66,83,77,86,49,84,45,65,46,50,53,34,47,21,30,13,18,9,15,5,4,0,1
10021,Andalgal�,833,791,927,905,1073,1072,954,897,679,590,625,634,615,690,581,546,480,500,451,435,444,387,384,390,329,294,274,271,187,200,130,179,87,132,44,75,16,23,0,8
10028,Antofagasta de la Sierra,74,57,92,76,92,72,59,51,51,35,79,55,91,39,60,33,57,35,44,28,41,23,16,31,17,18,16,21,12,14,9,10,7,8,1,4,5,3,0,0
10035,Bel�n,1359,1321,1326,1415,1556,1446,1510,1400,1116,1062,1068,997,1268,918,1020,866,762,717,689,636,624,565,585,511,452,471,305,350,240,306,179,245,110,200,34,107,31,56,8,12
10042,Capay�n,722,708,874,825,885,871,847,878,748,606,695,581,699,586,492,460,459,391,407,358,391,332,356,278,275,214,226,207,122,119,95,123,75,66,31,51,10,16,5,1
10049,Capital,6866,6845,7433,7332,7693,7827,7726,7792,6730,7019,6462,6572,6360,6926,5238,5596,4351,4648,3851,4301,3600,4102,3377,3764,2527,3034,1773,2249,1198,1655,857,1457,476,1002,200,526,68,197,15,58
10056,El Alto,175,168,194,190,206,172,161,141,122,105,122,124,121,123,120,106,100,63,112,86,92,76,95,69,89,62,61,56,63,43,34,30,14,33,12,15,5,8,2,0
10063,Fray Mamerto Esqui�,553,504,591,561,643,590,601,600,491,471,433,469,460,480,407,429,340,380,331,268,267,260,250,257,196,184,125,159,92,121,67,101,52,67,24,43,7,12,3,7
10070,La Paz,1079,1045,1303,1210,1374,1286,1262,1164,833,868,770,808,831,848,711,729,644,602,558,526,586,487,438,392,371,313,301,290,203,211,143,154,59,126,26,60,5,16,2,4
10077,Paclin,180,145,191,215,244,200,224,188,170,134,149,124,146,162,157,130,101,94,123,83,104,98,124,95,89,87,84,56,54,55,40,46,22,24,15,17,5,6,2,2
10084,Poman,574,510,643,600,629,592,586,531,374,352,387,386,387,402,336,326,336,254,252,228,251,205,210,181,183,137,158,146,101,120,78,111,58,64,22,33,8,18,2,5
10091,Santa Mar�a,973,963,1150,1091,1391,1315,1202,1179,781,852,691,738,704,854,668,692,551,653,545,583,541,539,465,493,390,372,302,332,257,279,183,264,114,168,63,108,29,50,6,17
10098,Santa Rosa,548,541,646,615,693,668,670,559,525,467,486,435,461,452,381,349,342,294,305,234,299,250,269,210,210,178,158,144,130,112,108,89,55,69,28,25,8,15,1,5
10105,Tinogasta,1009,996,1184,1112,1324,1226,1325,1194,800,767,665,704,716,778,690,686,588,596,548,512,514,513,467,449,419,409,333,338,226,276,173,242,132,197,52,98,38,44,4,16
10112,Valle Viejo,1225,1224,1357,1374,1431,1429,1382,1385,1140,1053,1033,1046,1079,1163,949,1005,772,802,661,706,626,614,527,560,426,435,292,356,198,258,141,210,73,121,39,95,9,31,5,10
14007,Calamuchita,2242,2064,2394,2261,2582,2483,2384,2215,1905,1741,1865,1838,2011,2010,1778,1740,1477,1563,1509,1606,1441,1395,1466,1474,1367,1390,1046,1179,830,875,503,642,310,543,163,269,48,92,9,20
14014,Capital,53168,51845,52248,50455,53314,52153,56820,57227,61671,64303,57202,58943,53510,55635,43412,45695,35428,38563,33141,37320,30273,34974,27692,33499,24273,30588,18396,24790,13920,19915,10090,16634,6205,12609,2684,6951,766,2461,128,703
14021,Col�n,10610,10155,10693,10367,10543,10492,10173,9885,8920,8875,8782,8595,8327,9191,7991,8338,6855,7086,5924,6188,5163,5411,4409,4993,3797,4376,3024,3395,2137,2683,1474,2133,846,1577,383,863,103,294,22,78
14028,Cruz del Eje,2440,2453,2635,2684,3027,2925,3054,2960,2269,2171,2201,1953,2069,2128,1721,1698,1529,1605,1534,1575,1526,1466,1321,1258,1165,1233,920,1021,683,843,524,728,325,557,131,253,47,88,9,30
14035,General Roca,1446,1401,1514,1494,1592,1494,1537,1470,1364,1305,1416,1281,1333,1250,1138,1086,996,997,1058,1036,995,958,858,820,885,775,701,687,511,555,375,413,191,308,97,184,28,71,6,19
14042,General San Mart�n,5241,4960,5172,4900,5193,5062,5390,5122,5225,4866,5287,5111,4897,4929,3963,4054,3445,3575,3654,3794,3322,3561,3058,3241,2585,2942,2060,2493,1625,2214,1181,1836,696,1376,325,701,85,240,13,60
14049,Ischil�n,1480,1399,1463,1459,1572,1499,1539,1451,1124,1202,939,1116,952,1044,845,944,833,926,797,814,740,755,722,757,647,713,491,564,415,504,308,441,182,309,82,174,24,64,4,18
14056,Ju�rez Celman,2494,2386,2629,2460,2655,2531,2649,2465,2358,2236,2277,2255,2306,2238,1983,1890,1832,1791,1920,1855,1642,1586,1417,1476,1262,1327,1111,1194,792,1017,591,779,359,621,165,340,43,122,5,19
14063,Marcos Ju�rez,3686,3535,3828,3554,4138,3920,4181,3969,3748,3567,3750,3637,3791,3730,3166,3310,2905,2978,3171,3142,2913,2960,2841,2914,2505,2779,2108,2473,1692,2100,1243,1877,807,1475,398,910,87,326,14,77
14070,Minas,193,161,223,215,250,243,243,224,130,130,142,146,142,137,144,139,140,115,153,123,132,121,131,94,124,109,95,92,74,86,63,71,33,48,12,29,8,6,1,5
14077,Pocho,223,203,235,235,281,244,258,214,176,176,135,150,191,171,148,169,159,167,174,118,142,143,152,114,124,135,133,104,93,99,69,68,50,60,15,25,9,14,2,2
14084,Presidente Roque S�enz Pe�a,1395,1359,1613,1528,1635,1541,1468,1380,1258,1140,1312,1256,1244,1278,1142,1197,1079,1026,1024,984,915,972,900,998,891,905,717,782,540,665,393,560,243,421,99,260,32,103,5,22
14091,Punilla,6510,6355,7026,6695,7726,7641,7673,7804,6396,6158,5712,5904,6053,6549,5569,6022,4989,5403,4909,5485,4694,5180,4455,5110,4041,4912,3357,4224,2485,3318,1852,2743,1173,1921,492,1133,127,434,31,140
14098,R�o Cuarto,9498,9160,9414,9112,9942,9542,10219,9936,9848,10007,9432,9524,9065,9252,7785,7958,6967,7378,7141,7400,6371,6816,5899,6418,5350,6126,4458,5295,3310,4332,2501,3506,1592,2642,684,1565,208,566,29,145
14105,R�o Primero,2057,1989,2217,2113,2251,2355,2201,2141,1780,1796,1721,1748,1713,1728,1502,1546,1306,1226,1340,1264,1116,1030,1026,1014,931,965,756,752,557,641,422,511,217,352,87,185,26,69,4,20
14112,R�o Seco,637,582,664,671,745,759,685,647,393,429,442,445,442,445,385,394,401,386,401,314,329,331,328,242,297,245,222,203,154,153,88,131,62,85,27,52,6,13,2,5
14119,R�o Segundo,4046,3843,4243,4133,4589,4532,4482,4513,4074,4014,3752,3904,3761,3889,3367,3377,2960,2997,2974,3185,2659,2803,2513,2521,2185,2412,1770,1997,1407,1760,930,1423,592,1031,227,567,73,163,9,41
14126,San Alberto,1534,1431,1760,1679,1959,1909,1804,1784,1339,1332,1144,1232,1206,1334,1171,1248,1116,1194,1072,1031,911,871,868,824,788,792,609,612,471,486,296,392,184,280,76,162,26,57,5,15
14133,San Javier,2017,2117,2495,2329,2501,2622,2464,2449,1908,1926,1828,1876,1886,1956,1625,1744,1569,1638,1490,1613,1410,1390,1277,1289,1114,1177,857,983,644,749,428,714,296,495,150,301,42,108,5,38
14140,San Justo,8337,8117,8440,8304,8628,8293,8646,8300,7871,7396,7683,7377,7548,7681,6619,6506,5926,6049,6062,5871,5348,5420,5027,5345,4499,5032,3588,4139,2746,3631,2137,3120,1315,2484,617,1392,164,513,23,113
14147,Santa Mar�a,4032,3927,4368,4219,4364,4360,4566,4151,4365,3736,3944,3617,3945,3713,3365,3352,2833,2757,2690,2677,2457,2483,2188,2359,2009,2030,1533,1688,1103,1378,765,1094,432,829,220,411,45,146,6,31
14154,Sobremonte,178,199,230,230,244,216,245,211,164,139,144,165,143,163,140,124,143,113,141,125,112,93,128,86,124,100,82,76,72,56,39,54,29,35,16,19,4,6,0,3
14161,Tercero Arriba,4158,3859,4439,4172,4573,4478,4370,4407,3927,3829,3775,3856,3770,3872,3333,3475,3067,3246,3067,3436,3082,3173,2857,2979,2552,2992,2112,2427,1613,2029,1200,1675,775,1372,375,786,84,288,19,55
14168,Totoral,800,829,865,872,938,854,897,836,682,719,638,717,722,704,649,590,539,534,526,532,486,405,383,374,387,344,296,284,224,241,141,160,97,123,41,83,8,29,0,7
14175,Tulumba,528,471,567,547,666,589,603,567,403,456,413,408,416,401,348,362,348,361,394,320,383,314,353,273,330,282,253,260,195,205,156,155,86,111,46,58,8,31,0,6
14182,Uni�n,3994,3924,4206,4208,4426,4296,4475,4141,3856,3679,3833,3745,3837,3838,3346,3242,2969,2907,3103,3024,2960,2920,2726,2762,2512,2620,2018,2180,1617,2031,1166,1681,753,1290,342,663,100,274,10,53
18007,Bella Vista,1780,1615,1820,1813,2088,2104,1991,1989,1482,1532,1354,1319,1171,1287,1051,1178,961,1034,1021,999,888,893,863,756,720,656,543,493,345,416,225,266,106,177,49,118,21,38,3,16
18014,Ber�n de Astrada,111,86,130,136,141,154,126,116,79,71,83,78,97,87,85,78,72,65,64,57,67,38,52,51,36,50,44,32,20,30,19,29,20,20,9,17,3,3,2,3
18021,Capital,14710,14238,15826,15307,16975,16501,18431,18638,17200,18619,14731,15522,12935,14275,10453,11953,9186,10650,9141,10609,8466,9488,7418,8498,5636,6431,3997,4979,2750,4142,1829,3238,1089,2032,471,1115,183,411,34,116
18028,Concepci�n,1202,1129,1372,1323,1421,1363,1272,1197,803,761,706,706,711,655,589,556,515,485,515,395,426,378,372,321,328,250,232,194,168,201,132,143,67,103,34,41,13,19,3,12
18035,Curuz� Cuati�,2116,1965,2247,2215,2296,2316,2302,2270,1513,1604,1324,1488,1437,1519,1278,1405,1196,1241,1165,1270,1010,1221,1031,1018,903,895,650,726,473,589,338,452,200,288,90,173,43,79,7,31
18042,Empedrado,683,589,740,801,926,824,807,838,590,620,495,568,482,539,428,434,393,398,395,364,384,364,302,298,240,243,200,216,177,190,111,150,66,112,32,62,14,27,2,5
18049,Esquina,1489,1498,1735,1659,1760,1770,1599,1557,1081,1294,975,996,931,1065,850,899,773,804,751,692,668,706,686,676,611,521,449,500,301,352,221,275,128,234,64,129,28,47,11,17
18056,General Alvear,372,343,400,425,439,414,433,400,306,283,231,221,195,234,220,257,220,220,198,211,217,190,198,181,176,183,111,134,73,109,67,81,38,73,16,29,7,14,2,5
18063,General Paz,591,573,717,771,908,883,796,738,550,548,458,482,445,457,421,427,387,378,382,389,418,389,355,303,283,280,238,256,189,203,141,170,80,95,31,62,13,20,2,7
18070,Goya,4072,4084,4434,4304,4893,4686,4592,4587,3132,3378,2869,3298,2829,3227,2517,2801,2317,2689,2327,2581,2140,2285,2058,2172,1637,1779,1293,1543,957,1206,631,898,363,612,174,332,70,151,9,32
18077,Itat�,378,428,469,422,522,497,533,534,351,348,331,345,296,291,230,256,208,235,232,232,247,233,196,208,170,158,120,158,105,110,71,89,49,51,25,29,2,6,2,4
18084,Ituzaing�,1521,1422,1681,1702,1893,1864,1776,1752,1262,1221,1087,1080,937,1045,770,883,826,859,877,866,791,699,727,623,519,429,385,340,270,221,182,222,115,125,49,71,19,22,7,10
18091,Lavalle,1541,1498,1712,1579,1827,1726,1649,1584,1176,1156,1053,1028,947,1039,871,800,765,688,677,593,547,550,559,482,429,395,351,295,251,257,140,183,91,137,46,78,12,30,2,15
18098,Mburucuy�,434,400,505,514,539,570,472,481,329,348,269,287,248,303,257,242,268,235,243,250,214,226,201,203,163,150,148,128,115,132,71,93,60,64,21,40,3,19,1,6
18105,Mercedes,1804,1639,2068,2098,2426,2348,2301,2191,1491,1531,1293,1389,1354,1492,1194,1236,1071,1152,1082,1095,893,944,907,831,708,773,529,600,412,461,265,349,163,275,84,125,23,49,8,13
18112,Monte Caseros,1663,1561,1746,1668,1868,1760,1828,1754,1432,1430,1269,1230,1262,1245,1111,1103,953,983,1047,1015,958,971,877,806,716,724,512,572,386,525,284,396,170,245,59,116,29,40,8,16
18119,Paso de los Libres,2515,2456,2575,2504,2585,2500,2444,2354,1927,2030,1733,1815,1681,1804,1531,1587,1343,1370,1217,1315,1122,1237,1053,976,740,863,535,652,377,494,227,369,140,273,69,139,22,50,2,16
18126,Saladas,1106,1076,1302,1187,1371,1375,1217,1208,823,894,694,759,723,738,535,660,534,563,552,574,485,490,495,420,328,370,268,294,208,245,161,211,76,140,41,69,16,29,3,4
18133,San Cosme,606,551,741,634,786,743,769,818,591,560,506,520,483,532,432,482,415,431,380,394,364,353,360,290,262,221,212,192,147,148,101,127,54,81,24,37,8,19,3,4
18140,San Luis del Palmar,781,759,889,848,906,963,974,989,694,741,601,621,578,565,472,547,469,461,469,481,399,396,383,372,295,289,229,296,173,233,140,194,95,129,38,65,17,31,2,6
18147,San Mart�n,689,662,748,727,747,780,617,638,533,467,368,431,448,435,347,387,339,354,349,301,305,316,273,271,260,219,199,185,142,148,88,126,59,82,18,44,9,24,3,2
18154,San Miguel,515,505,682,680,761,750,658,638,344,357,312,309,290,300,266,288,213,241,227,222,223,212,222,216,183,147,132,146,112,95,66,83,49,52,22,29,7,12,2,4
18161,San Roque,852,815,1063,1036,1186,1186,1037,1002,623,712,520,567,543,636,481,506,431,451,460,446,397,432,396,340,328,315,251,242,198,233,160,157,91,112,40,67,13,34,3,4
18168,Santo Tom�,3238,3149,3324,3263,3586,3352,3337,3355,2735,2821,2354,2473,2070,2146,1753,1911,1590,1623,1542,1495,1350,1306,1164,1069,834,837,658,654,395,515,305,348,166,277,82,117,34,50,5,14
18175,Sauce,426,413,492,472,512,536,485,493,294,290,243,275,243,303,222,257,225,247,247,199,223,203,208,231,198,165,150,150,106,126,72,85,37,86,27,49,7,26,1,8
22007,Almirante Brown,1916,1933,2189,2061,2229,2168,1953,1874,1347,1351,1250,1358,1230,1191,1018,998,832,725,785,687,682,620,625,526,436,394,354,292,248,221,140,165,71,86,45,38,12,21,2,2
22014,Bermejo,1077,1007,1321,1268,1513,1426,1413,1302,938,968,791,925,870,845,705,689,597,627,615,616,613,635,588,543,500,492,370,384,267,316,189,198,121,150,39,76,14,27,6,11
22021,Comandante Fern�ndez,4649,4518,4880,4751,5047,4853,4978,5042,4066,4280,3676,3935,3348,3622,2740,3029,2402,2722,2488,2691,2357,2448,1939,2066,1450,1580,1123,1359,861,1150,575,854,323,626,126,229,47,87,12,15
22028,Chacabuco,1349,1338,1464,1424,1721,1785,1629,1663,1206,1282,1153,1218,1105,1192,928,1000,801,819,795,816,754,779,665,583,467,465,350,379,245,339,172,243,97,172,52,89,11,30,3,7
22036,12 de Octubre,1022,1026,1177,1162,1353,1374,1268,1232,962,905,796,857,830,854,653,612,596,587,570,515,510,458,459,381,354,302,266,250,191,208,145,155,71,83,20,44,12,14,1,6
22039,2 de Abril,291,288,384,354,423,433,397,418,282,275,261,285,260,252,233,231,207,236,221,196,214,184,149,136,149,124,104,97,61,67,62,54,25,39,13,14,2,7,0,4
22043,Fray Justo Santa Mar�a de Oro,514,535,648,563,744,694,610,600,449,415,447,481,452,439,378,356,318,291,343,289,309,275,273,221,208,181,166,139,116,112,61,63,47,36,15,21,4,10,1,2
22049,General Belgrano,626,597,767,717,766,815,692,658,444,470,418,471,391,409,337,303,299,297,265,230,249,260,230,202,168,151,136,132,95,107,71,72,41,44,13,20,7,13,1,4
22056,General Donovan,584,534,696,626,775,742,814,716,617,591,471,527,457,445,353,397,385,355,359,374,330,330,309,269,218,222,156,169,137,138,78,111,42,75,19,35,13,13,3,5
22063,General G�emes,3559,3374,4239,4034,4552,4285,3900,3668,2819,2893,2513,2637,2357,2378,1992,2003,1766,1715,1511,1397,1337,1221,1150,1009,813,721,626,594,443,437,294,341,149,186,49,98,19,37,4,12
22070,Independencia,1328,1337,1477,1460,1478,1475,1266,1261,771,885,763,859,737,740,561,601,527,498,477,443,467,422,435,348,310,271,223,206,162,163,126,122,49,72,25,36,8,15,1,6
22077,Libertad,567,538,607,591,710,649,631,670,534,549,482,470,462,484,350,353,310,330,313,313,301,248,256,262,193,172,144,139,96,121,65,81,45,55,12,31,3,14,4,3
22084,Libertador General San Mart�n,2855,2717,3501,3287,3763,3529,3355,3312,2390,2462,2076,2220,1930,2072,1625,1739,1542,1478,1420,1326,1330,1204,1152,1148,943,799,688,708,506,525,344,400,207,282,79,128,28,50,9,18
22091,Maip�,1177,1164,1523,1416,1725,1620,1497,1499,934,971,888,970,795,851,710,707,616,645,653,546,597,529,493,415,397,314,319,278,234,245,149,143,83,87,28,39,6,21,1,3
22098,Mayor Luis J. Fontana,2442,2460,2884,2845,3201,3112,3108,3141,2045,2220,1940,2127,1851,1981,1557,1739,1458,1625,1404,1469,1306,1324,1152,1133,840,898,637,675,469,625,302,418,137,284,61,137,22,40,3,8
22105,9 de Julio,1322,1319,1380,1353,1597,1519,1675,1632,1183,1242,1122,1128,980,1045,817,874,711,764,705,734,698,653,583,576,456,415,326,378,256,320,177,199,104,135,40,82,15,29,3,8
22112,O'Higgins,1160,1124,1256,1208,1262,1288,1052,1097,701,820,682,762,623,677,518,571,499,455,479,462,444,416,396,361,289,234,233,242,201,171,111,120,62,82,14,27,9,16,3,4
22119,Presidencia de la Plaza,604,571,657,711,751,779,725,765,493,488,434,468,381,432,370,332,300,305,279,310,274,284,253,238,196,199,139,143,121,131,89,104,50,60,17,21,5,14,2,4
22126,1�  de Mayo,471,413,507,475,587,590,596,588,430,432,376,430,364,393,332,304,255,271,258,278,234,224,216,206,186,171,125,137,84,106,66,76,44,45,14,21,6,6,0,5
22133,Quitilipi,1682,1670,1941,1833,2157,1979,2016,1959,1322,1359,1177,1288,1131,1170,909,929,866,830,807,846,774,796,665,632,498,463,385,406,300,355,190,257,113,159,54,97,20,31,3,12
22140,San Fernando,16106,15732,17131,16772,19497,18856,20376,20187,18030,18330,15934,16441,14716,15786,11762,13112,10157,11743,10135,11436,9471,10498,7999,8970,5835,6882,4247,5438,3064,4583,2157,3424,1229,2381,539,1170,153,449,25,121
22147,San Lorenzo,711,687,808,816,958,926,846,845,540,587,502,540,465,507,388,418,407,373,362,327,394,336,315,256,231,195,175,152,118,143,71,116,45,74,14,33,9,5,2,5
22154,Sargento Cabral,687,659,831,835,1102,1018,993,920,589,587,534,502,520,523,437,429,427,406,416,380,394,342,367,317,251,223,210,193,150,164,107,125,64,76,21,46,12,28,3,1
22161,Tapenag�,197,189,229,246,271,262,250,204,143,150,147,148,163,142,138,118,118,112,87,82,93,88,91,50,62,60,53,33,40,35,24,28,11,11,8,11,1,1,0,1
22168,25 de Mayo,1603,1580,1719,1674,1793,1748,1632,1560,1195,1202,1051,1070,956,992,781,797,766,664,665,650,621,632,563,532,446,401,341,314,241,268,174,189,91,153,44,71,4,18,5,9
26007,Biedma,4042,3949,3898,3837,4190,4019,3687,3641,3347,3376,3651,3600,3636,3684,2951,3030,2382,2456,2259,2245,1989,1971,1755,1717,1329,1369,905,978,509,698,364,537,185,322,86,174,19,75,2,19
26014,Cushamen,909,855,975,953,1123,1100,1034,981,740,716,743,789,842,801,694,770,659,637,617,531,557,556,531,437,363,330,282,303,198,214,145,166,103,116,32,62,15,32,0,8
26021,Escalante,8376,8435,7751,7586,7770,7658,8006,7825,8446,7964,8809,8093,8816,8287,6850,6355,5580,5510,5515,5304,4999,4908,4036,4062,2903,3083,2191,2366,1594,1969,1071,1534,675,1040,296,572,90,183,21,54
26028,Florentino Ameghino,59,66,72,69,104,95,77,71,81,56,64,53,69,59,83,47,61,39,47,43,45,26,52,30,43,16,31,13,16,9,9,7,5,3,4,2,0,0,1,0
26035,Futaleuf�,1867,1846,1800,1784,2145,2072,2091,1967,1736,1794,1644,1798,1707,1722,1579,1670,1233,1416,1208,1231,1051,1109,832,907,721,767,532,629,379,479,249,365,160,258,73,146,31,62,5,11
26042,Gaiman,493,473,512,483,612,469,558,475,453,448,442,388,415,436,396,370,315,305,320,300,233,222,257,201,232,221,195,179,145,136,101,118,63,78,25,39,6,21,2,4
26049,Gastre,56,46,60,71,64,58,40,49,70,49,52,51,83,60,44,35,58,33,60,28,55,30,47,15,39,14,32,23,28,18,22,11,8,10,2,4,1,1,0,0
26056,Langui�eo,135,118,152,134,184,135,148,131,105,94,130,118,139,112,108,86,117,69,107,76,84,57,81,61,63,50,57,50,47,31,31,23,14,14,5,15,1,3,0,0
26063,Martires,26,25,29,26,36,27,38,30,42,17,32,11,20,26,32,29,27,18,43,27,34,26,35,7,23,17,15,13,15,8,6,4,3,5,3,1,1,1,0,0
26070,Paso de los Indios,75,59,80,90,111,110,99,80,58,48,77,63,65,68,73,45,71,50,65,46,66,29,66,25,55,26,31,30,33,17,18,10,12,3,6,5,1,1,0,0
26077,Rawson,5562,5387,5607,5654,6224,5828,6089,5979,5270,5208,5353,5196,5405,5576,4644,4925,3912,4137,3602,3897,3171,3325,2771,3169,2412,2571,1685,2044,1172,1516,768,1098,447,777,225,434,65,160,12,36
26084,R�o Senguer,278,245,263,224,300,303,309,250,296,223,285,241,268,211,209,171,200,125,182,153,176,119,147,109,123,92,84,69,80,62,53,34,26,25,17,18,3,6,0,0
26091,Sarmiento,583,597,562,550,638,542,527,539,540,444,581,544,498,486,406,387,330,275,286,240,235,231,213,187,153,129,126,108,97,77,56,68,41,56,23,28,3,7,0,3
26098,Tehuelches,218,253,250,205,253,265,270,245,282,220,215,204,212,184,188,192,175,138,164,129,149,110,119,99,106,71,88,76,71,59,45,52,28,25,10,12,1,5,1,1
26105,Telsen,59,65,72,65,82,87,68,67,48,54,71,64,55,65,61,55,49,36,64,44,52,34,42,27,51,28,38,21,22,20,18,18,13,9,9,7,2,2,0,0
30008,Col�n,2512,2387,2667,2572,2814,2656,2708,2599,2479,2246,2307,2230,2251,2197,2117,2111,1912,1866,1820,1791,1617,1641,1484,1467,1237,1351,1061,1171,805,1017,541,874,341,607,130,331,46,144,11,42
30015,Concordia,7988,7505,8326,8053,8963,8798,8587,8320,7209,6728,6390,6204,6302,6335,5358,5508,4539,4694,4247,4553,3901,4287,3676,3784,2928,3233,2132,2508,1437,1964,941,1679,602,1161,239,598,55,241,9,51
30021,Diamante,1671,1588,1728,1804,1908,1751,1946,2103,1981,2205,1873,1804,1667,1706,1381,1449,1292,1313,1290,1273,1241,1265,1127,1180,967,1065,852,994,634,825,465,675,277,484,124,278,35,106,9,25
30028,Federaci�n,3019,2840,3296,3190,3487,3366,3414,3229,2742,2581,2678,2592,2611,2592,2301,2190,1955,1881,1931,1915,1742,1819,1609,1492,1232,1192,951,1028,654,850,458,659,263,482,108,237,34,87,9,20
30035,Federal,1078,981,1336,1251,1492,1487,1448,1325,958,967,893,936,831,873,751,843,750,716,704,727,599,590,564,518,474,476,363,386,270,329,182,252,91,179,44,114,31,37,6,11
30042,Feliciano,668,644,894,856,1003,872,837,872,565,555,511,550,455,478,424,478,412,393,395,390,349,310,290,288,238,245,200,184,128,149,82,131,41,78,23,51,10,23,1,6
30049,Gualeguay,2202,2037,2355,2264,2376,2316,2339,2227,1840,1832,1777,1837,1841,1914,1752,1795,1511,1551,1462,1554,1315,1378,1160,1234,1025,1092,885,993,605,845,447,728,247,527,130,291,33,131,7,28
30056,Gualeguaych�,4518,4372,4605,4585,4895,4688,4594,4521,3998,3907,3994,3993,4056,4155,3690,3653,3102,3268,3224,3219,2886,3031,2703,2798,2350,2596,1790,2139,1321,1767,897,1415,509,1025,242,570,74,236,12,63
30063,Islas del Ibicuy,576,543,654,628,704,646,625,635,472,470,395,444,417,445,370,366,352,317,356,275,301,255,325,233,230,156,168,151,141,99,76,76,57,60,18,24,7,7,0,3
30070,La Paz,2850,2767,3492,3402,3970,3850,3729,3617,2397,2499,2104,2352,2058,2315,1947,2039,1711,1776,1743,1818,1552,1580,1471,1440,1216,1210,956,1049,704,898,423,679,273,488,121,259,35,86,9,18
30077,Nogoya,1540,1506,1668,1658,1793,1742,1696,1629,1397,1344,1387,1383,1409,1370,1223,1220,1065,1061,1123,1122,1012,1040,995,934,862,935,722,833,555,716,396,599,217,394,79,240,40,87,8,26
30084,Paran�,12988,12637,13882,13525,14725,14141,14979,14558,14571,14826,13349,13747,13057,13672,11194,11626,9481,10139,9135,10121,8360,9405,7850,8867,6451,7620,5032,6319,3587,5122,2479,4377,1425,3196,672,1729,197,693,35,161
30088,San Salvador,761,808,844,808,900,843,832,768,591,611,597,590,612,632,586,534,526,531,510,452,406,395,369,342,322,353,290,331,227,270,142,177,81,137,41,81,16,31,1,9
30091,Tala,1034,1064,1116,1104,1199,1178,1142,1056,810,862,870,871,874,900,769,797,716,697,712,688,654,717,642,631,605,589,502,549,413,468,279,370,164,290,53,165,28,68,4,15
30098,Uruguay,4037,3953,4369,4274,4320,4373,4182,3991,3895,3721,3888,3761,3866,3777,3249,3255,2869,2841,2807,2825,2459,2675,2394,2551,2175,2371,1689,1958,1325,1742,967,1397,515,1072,219,557,77,238,19,75
30105,Victoria,1398,1341,1510,1535,1613,1530,1671,1486,1327,1279,1317,1331,1335,1317,1211,1234,996,1028,979,1042,941,923,842,868,754,822,598,643,457,611,304,485,176,384,96,226,28,81,11,37
30113,Villaguay,2061,2049,2348,2207,2656,2515,2485,2410,1900,1976,1685,1734,1520,1658,1455,1466,1330,1299,1233,1273,1155,1187,1077,1104,931,1028,798,908,562,705,416,583,222,467,106,258,40,109,9,40
34007,Bermejo,833,774,1011,925,1026,944,762,676,572,476,528,443,530,472,398,349,374,293,339,243,280,212,262,215,238,137,131,115,117,91,74,68,32,37,23,27,8,9,1,1
34014,Formosa,10459,9882,11255,10761,12694,12511,13043,13272,9717,10520,8438,9376,8144,9172,7001,7983,6272,7237,5950,6620,5267,6122,4601,5037,3399,3847,2574,2973,1881,2393,1272,1702,665,1098,308,514,116,184,26,68
34021,Laishi,798,801,1010,956,1128,1073,1098,944,608,584,515,535,528,530,483,472,438,442,433,404,410,335,339,330,297,248,216,205,185,173,150,109,80,84,36,50,18,14,2,2
34028,Matacos,893,865,919,847,930,947,839,902,553,614,534,570,463,491,380,451,381,367,325,290,281,245,197,182,154,141,124,118,84,91,42,52,18,41,14,15,6,8,1,0
34035,Pati�o,3521,3284,3966,3831,4438,4224,3974,3792,2537,2436,2312,2318,2112,2265,1961,1867,1839,1805,1863,1552,1604,1455,1435,1207,1071,978,933,881,677,614,445,414,275,309,102,136,52,60,10,26
34042,Pilag�s,932,888,1061,1008,1206,1151,1124,1080,647,606,494,559,554,585,480,477,562,485,561,439,478,374,392,346,292,239,230,207,212,163,128,114,115,86,39,48,15,18,3,1
34049,Pilcomayo,3862,3749,4307,4115,5033,4888,4728,4558,2998,3262,2602,2922,2723,2917,2216,2612,2229,2466,2305,2265,2188,2313,1924,1921,1416,1469,1137,1204,929,978,633,707,365,509,171,227,59,82,12,23
34056,Pirane,3097,2954,3546,3445,4074,3878,3728,3687,2294,2336,1941,2039,1947,2130,1755,1891,1702,1733,1661,1561,1639,1649,1481,1322,1089,1063,903,832,663,640,411,486,265,342,114,144,36,61,12,15
34063,Ram�n Lista,1114,1043,1034,1072,1039,978,766,725,572,616,492,562,484,479,382,312,277,263,257,189,159,110,124,120,142,100,60,65,51,40,31,29,19,16,10,12,3,6,1,0
38007,Cochinoca,714,675,775,765,879,876,745,730,438,542,400,514,364,429,308,374,260,282,237,281,191,245,198,243,157,196,119,147,82,139,55,117,46,58,17,30,8,17,1,2
38014,El Carmen,4948,4735,5117,4998,5587,5431,5458,5191,4252,4179,4022,4078,3976,3936,3351,3293,2481,2462,2146,2179,1875,1915,1670,1663,1289,1345,1008,984,790,754,496,531,236,322,106,131,29,55,4,16
38021,Dr. Manuel Belgrano,11236,10993,11684,11425,12935,12635,13580,13486,10711,10959,10654,11037,10577,11323,8841,9770,7097,8336,6414,7490,5852,7003,5287,6116,4163,5083,3124,4011,2282,3077,1564,2310,920,1527,408,831,108,279,30,91
38028,Humahuaca,877,918,924,894,983,955,877,1067,738,743,660,665,636,640,518,509,442,489,436,392,361,355,232,310,235,303,198,256,137,146,111,128,45,87,24,32,8,26,0,9
38035,Ledesma,3812,3706,4066,3891,4572,4340,4335,4327,3125,3176,2971,3149,3288,3341,2792,2847,2188,2221,2042,2054,1843,1960,1701,1776,1377,1373,1096,1061,746,737,484,516,269,303,91,130,24,46,4,10
38042,Palpal�,2347,2421,2432,2355,2737,2572,2723,2729,2198,2184,2128,2189,2074,2191,1668,1809,1338,1400,1212,1381,1110,1277,1151,1217,896,953,692,678,523,561,378,410,206,223,79,112,17,45,5,10
38049,Rinconada,116,112,137,135,157,142,122,113,103,94,127,94,142,71,121,34,83,42,61,38,72,43,45,39,45,63,22,22,14,18,8,20,10,9,5,7,0,2,0,0
38056,San Antonio,214,205,208,215,237,228,267,244,174,177,171,176,163,169,163,148,135,112,105,107,111,91,91,82,61,67,63,58,52,38,29,33,23,21,8,17,0,2,0,1
38063,San Pedro,3319,3181,3555,3432,4005,3892,4010,3965,2918,3051,2838,2859,2776,2948,2261,2429,1896,2114,1874,2044,1711,1890,1714,1686,1346,1392,961,1066,745,861,576,605,303,419,113,179,26,56,7,14
38070,Santa B�rbara,833,850,1000,943,1186,1120,1050,1090,727,675,618,625,666,604,551,574,451,385,424,391,382,327,341,282,307,222,207,159,195,159,137,67,62,48,35,22,5,6,1,3
38077,Santa Catalina,135,134,209,176,206,205,152,151,80,80,76,96,94,80,75,89,61,68,62,50,60,65,45,58,30,51,40,45,18,24,23,22,7,15,6,7,0,4,0,1
38084,Susques,202,223,271,255,246,290,207,194,166,168,145,126,136,112,115,102,98,78,84,82,61,63,49,55,42,37,27,33,21,25,14,24,9,15,6,6,1,2,1,0
38094,Tilcara,587,538,612,592,723,705,656,654,462,501,469,550,522,531,403,386,309,296,271,263,223,231,211,199,181,209,184,215,115,132,82,110,55,84,23,43,6,11,1,4
38098,Tumbaya,193,189,210,206,280,265,249,228,196,190,171,194,183,164,151,136,118,115,92,86,82,97,99,105,85,94,55,96,66,66,36,51,22,31,15,26,2,10,1,3
38105,Valle Grande,145,128,159,135,148,163,126,103,79,87,90,73,78,81,72,62,64,62,61,43,54,51,43,55,37,38,26,25,31,28,17,21,13,26,7,12,3,3,1,1
38112,Yav�,1037,1030,1093,1113,1228,1283,1220,1162,766,869,682,864,657,824,567,681,520,592,441,527,366,484,313,433,260,334,245,268,169,198,112,177,51,118,36,52,9,20,2,3
42007,Atreuco,363,339,418,422,405,398,453,403,365,319,336,327,307,345,357,313,335,318,353,325,303,290,284,255,263,246,218,222,136,171,124,149,60,99,23,63,10,22,3,11
42014,Caleu Caleu,106,109,127,124,123,117,112,87,80,90,80,94,77,74,76,95,79,69,66,52,62,51,55,48,51,47,38,26,32,18,17,13,4,6,2,4,1,1,0,0
42021,Capital,4294,4103,4264,4202,4413,4314,4575,4586,4280,4368,4063,4187,4030,4141,3408,3682,2984,3335,2971,3201,2668,2929,2437,2681,2060,2363,1568,1946,1139,1502,810,1218,504,968,232,561,68,189,7,61
42028,Catril�,338,316,335,352,339,345,340,320,283,220,254,257,278,257,235,236,199,201,203,193,197,162,200,173,156,147,143,112,93,88,55,79,37,74,15,36,6,15,0,4
42035,Conhelo,447,457,503,496,532,539,645,548,521,503,418,430,501,474,441,458,458,438,431,424,414,407,406,363,393,351,299,343,253,281,187,232,114,152,45,94,20,43,1,15
42042,Curac�,43,40,41,45,41,47,51,44,38,46,53,37,36,28,40,27,34,25,46,26,50,22,34,21,35,14,23,13,15,4,4,4,6,5,0,2,0,0,0,0
42049,Chalileo,116,126,121,151,178,158,173,161,92,82,114,114,107,112,100,83,95,77,98,91,84,56,74,62,71,51,39,52,44,21,20,24,5,14,8,4,2,2,1,2
42056,Chapaleuf�,475,454,502,478,527,515,484,461,410,404,423,420,455,395,343,364,313,314,357,321,314,309,323,294,245,288,237,210,179,200,135,129,72,116,41,75,9,15,3,11
42063,Chical C�,75,66,72,95,110,90,51,46,51,48,44,36,66,62,46,45,49,42,47,32,54,24,37,33,38,29,26,26,11,14,9,8,5,4,2,6,0,2,1,0
42070,Guatrach�,335,318,381,365,360,310,353,330,265,229,262,274,298,299,293,281,288,253,240,279,253,230,248,219,241,242,229,217,176,193,123,151,59,106,43,57,8,19,2,2
42077,Hucal,222,226,278,253,287,233,327,266,259,199,243,243,255,260,238,213,196,197,271,266,238,237,232,181,217,228,185,204,166,182,124,128,64,103,28,63,5,15,0,8
42084,Lihuel Calel,20,10,21,17,19,19,15,5,19,8,13,18,25,7,12,15,16,17,25,14,19,9,12,8,28,9,13,5,6,2,4,4,1,0,2,2,0,0,0,0
42091,Limay Mahuida,18,19,23,22,19,17,25,14,24,18,22,15,20,14,19,19,15,12,18,10,18,9,20,14,20,8,18,6,9,9,8,1,0,0,0,0,0,0,0,0
42098,Loventu�,327,352,376,333,414,398,441,466,317,265,295,289,308,314,246,279,256,250,242,213,228,234,247,196,207,200,151,142,124,122,75,102,50,66,34,40,3,11,1,5
42105,Marac�,2378,2429,2446,2399,2612,2505,2653,2522,2299,2234,2310,2126,2151,2171,1930,2024,1687,1785,1681,1725,1476,1574,1389,1429,1131,1340,971,1059,665,968,551,747,328,602,166,323,44,150,11,33
42112,Puel�n,476,453,450,431,501,424,475,509,424,385,412,342,391,354,314,323,304,254,263,250,236,205,194,170,166,137,132,125,81,78,59,53,32,28,14,15,2,5,1,0
42119,Quem� Quem�,343,293,348,341,360,309,329,341,308,264,242,280,313,309,297,272,254,236,254,267,253,218,231,232,243,224,184,213,149,202,110,113,85,112,30,67,6,27,1,3
42126,Rancul,494,425,512,481,468,515,482,433,370,392,354,366,378,371,371,315,303,337,329,298,286,261,262,255,240,234,218,205,153,153,77,97,48,92,19,52,3,13,3,3
42133,Realic�,639,621,693,630,717,608,764,712,545,553,556,541,528,539,509,515,482,491,494,511,413,431,420,398,355,361,351,344,258,277,168,256,126,172,58,125,9,45,6,6
42140,Toay,639,670,640,622,591,577,531,519,536,451,442,456,502,523,477,476,415,362,353,339,312,254,247,241,211,185,173,148,82,101,77,93,45,55,15,26,5,12,2,4
42147,Trenel,210,175,181,217,238,203,263,234,190,188,168,177,202,159,174,171,170,164,172,143,144,135,128,141,150,127,131,124,100,104,75,67,45,66,23,43,8,11,1,4
42154,Utrac�n,606,648,617,594,688,621,674,703,562,547,521,560,487,526,450,473,418,454,454,434,419,397,386,347,313,287,296,251,182,229,134,186,82,131,34,77,11,34,1,5
46007,Arauco,693,667,759,728,814,848,878,853,653,604,564,584,629,668,520,506,414,396,357,352,351,336,342,329,268,249,187,168,120,152,91,113,56,75,24,43,9,12,2,4
46014,Capital,8199,7710,8186,8113,8638,8421,9445,9638,8651,9080,7861,7845,7544,7914,5923,6221,4841,5112,4605,4803,4026,4159,3446,3743,2558,2877,1838,2154,1206,1751,857,1301,452,900,196,448,58,168,32,75
46021,Castro Barros,141,190,178,193,185,193,209,206,159,140,156,152,156,142,152,155,116,101,107,103,110,87,114,102,109,101,98,84,68,62,52,36,26,39,19,16,3,5,1,2
46028,Coronel Felipe Varela,379,352,423,446,464,486,546,522,439,388,343,364,353,364,306,300,319,297,240,233,242,215,215,192,195,179,135,115,103,108,83,86,55,64,27,43,9,12,1,5
46035,Chamical,574,552,595,622,704,668,773,716,565,626,524,520,543,499,451,458,348,425,438,412,378,368,350,333,293,248,207,217,131,178,64,121,55,89,33,54,10,16,0,2
46042,Chilecito,2448,2354,2559,2452,2505,2510,2518,2551,1874,1825,1974,1976,2081,2148,1669,1678,1393,1338,1186,1224,1048,1142,1018,980,752,772,545,617,391,468,291,398,166,285,65,130,23,49,6,23
46049,Famatina,239,205,243,275,336,297,349,282,208,193,197,202,224,242,167,183,163,150,153,159,158,156,156,121,123,115,97,82,63,65,53,66,36,40,17,26,6,9,1,6
46056,General Angel V. Pe�aloza,142,116,153,122,196,186,192,153,101,110,86,102,105,109,82,87,88,74,90,69,84,63,78,45,63,55,54,50,35,45,38,29,24,17,10,7,3,5,1,4
46063,General Belgrano,290,288,319,353,395,394,425,389,276,298,230,242,253,255,223,217,186,206,196,201,205,174,188,157,145,143,137,125,89,73,61,69,44,49,16,27,7,19,1,5
46070,General Juan F.Quiroga,177,164,204,188,289,238,245,238,124,121,112,127,116,144,131,130,131,102,132,123,106,65,114,72,88,74,62,49,52,38,33,29,21,23,14,16,5,7,1,3
46077,General Lamadrid,65,77,89,94,90,90,78,100,85,70,64,76,73,76,51,60,45,47,48,46,43,31,48,28,25,21,27,21,18,7,7,6,5,7,2,7,2,5,0,0
46084,General Ocampo,280,260,353,326,369,341,381,309,268,255,178,242,231,242,191,209,215,200,232,197,213,178,193,177,169,156,150,118,87,89,74,82,43,51,26,33,9,11,3,4
46091,General San Mart�n,255,280,256,261,309,285,257,269,168,186,144,171,156,151,150,148,147,155,148,119,119,89,119,87,82,72,53,59,56,43,34,28,26,24,12,15,3,6,2,0
46098,Vinchina,121,107,121,132,141,134,177,126,114,110,108,107,99,109,94,92,93,71,81,51,49,53,62,50,52,45,38,37,38,27,23,16,10,16,8,12,0,2,2,3
46105,Independencia,109,134,111,137,141,144,142,113,90,96,86,78,73,85,80,77,71,57,68,68,51,33,56,48,46,41,46,28,20,19,26,14,9,10,5,8,5,2,0,0
46112,Rosario Vera Pe�aloza,602,646,655,679,743,694,884,856,547,561,440,447,446,467,421,427,385,387,403,413,367,333,283,296,262,232,222,167,125,169,94,131,71,95,27,45,9,15,4,4
46119,San Blas de los Sauces,160,175,190,178,207,212,207,231,145,149,131,150,126,118,104,119,100,102,130,110,95,97,93,75,72,58,55,59,37,45,38,41,31,33,7,27,5,8,1,6
46126,Sanagasta,80,94,103,75,124,114,126,123,97,118,98,87,103,86,67,82,62,72,64,62,61,51,56,53,43,33,24,31,22,34,26,27,16,15,3,10,2,1,0,0
50007,Capital,3878,3814,3206,3189,3395,3379,4032,4146,5644,5457,5366,5093,4684,4777,3755,3798,2885,3192,2705,3260,2914,3399,2786,3456,2467,3298,1990,2804,1492,2245,1245,2179,938,1870,498,1093,151,429,27,105
50014,General Alvear,1989,1856,1884,1752,2095,2038,2182,2060,1646,1630,1461,1625,1562,1591,1344,1388,1164,1294,1142,1342,1140,1325,1187,1214,1071,1218,906,1048,667,919,536,673,365,525,154,280,45,85,10,16
50021,Godoy Cruz,7812,7549,7086,6923,7503,7093,7920,7795,7992,8055,7573,7696,7493,7802,6090,6510,4918,5448,4530,5360,4538,5465,4427,5518,3963,5129,3245,4421,2366,3367,1845,2882,1096,2103,545,1195,135,405,25,85
50028,Guaymall�n,12643,12232,11720,11232,12118,11660,12691,12374,12201,12323,11015,11125,10630,11143,9188,9802,7695,8450,7238,7902,6692,7552,6279,7214,5445,6446,4250,5267,2949,4104,2246,3355,1426,2525,622,1285,159,464,31,110
50035,Jun�n,1642,1514,1529,1451,1700,1683,1879,1739,1519,1544,1368,1379,1359,1365,1219,1267,1063,1152,1003,1116,943,995,925,965,766,865,615,691,472,531,363,429,187,301,87,149,21,49,2,12
50042,La Paz,425,403,410,379,572,546,580,546,372,393,328,364,384,372,276,327,281,250,244,278,262,258,211,229,200,212,182,144,101,131,87,86,45,62,16,40,6,7,0,3
50049,Las Heras,9934,9611,9258,8717,9522,9208,9939,9635,9022,8898,7812,7741,7332,7590,6328,6870,5387,5881,4981,5485,4583,5112,4360,5011,3660,4289,2691,3348,1884,2574,1379,2023,824,1410,316,692,74,224,19,42
50056,Lavalle,2043,1887,1742,1733,2018,2042,2089,2024,1681,1661,1454,1399,1311,1337,1107,1126,942,912,885,835,781,754,723,653,606,551,448,412,335,314,221,229,139,153,64,73,17,25,4,8
50063,Luj�n de Cuyo,5536,5384,5433,5360,5610,5473,5630,5575,5234,4997,4545,4378,4290,4396,3860,4346,3547,3863,3321,3413,2822,2893,2540,2765,2241,2465,1703,1768,1165,1387,829,1054,489,785,200,370,51,125,9,36
50070,Maip�,8240,7861,7647,7317,7959,7578,8194,7985,7642,7535,6728,6680,6489,6715,5765,6138,4754,4934,4348,4647,3913,4165,3696,3994,3123,3457,2380,2694,1705,2062,1183,1640,764,1179,293,612,77,185,7,47
50077,Malarg�e,1427,1359,1268,1226,1358,1305,1374,1287,1207,1108,1155,1064,1017,1111,931,929,838,779,800,777,727,675,648,551,478,395,352,324,235,239,148,197,86,135,46,54,13,29,1,7
50084,Rivadavia,2593,2403,2316,2259,2559,2486,2786,2712,2298,2263,2043,2046,2008,2112,1801,1811,1444,1559,1313,1419,1296,1385,1248,1446,1186,1268,942,1078,824,894,537,687,350,451,134,247,53,89,7,20
50091,San Carlos,1581,1574,1408,1330,1534,1512,1620,1597,1490,1407,1258,1298,1189,1232,1070,1039,882,872,816,806,736,835,720,698,627,622,516,519,374,390,256,270,147,200,68,79,20,29,1,9
50098,San Mart�n,5468,5315,4835,4843,5353,5100,5517,5389,4969,4901,4369,4330,4254,4525,3732,3826,2885,3255,2981,3058,2796,2956,2760,3004,2446,2611,1889,2283,1498,1797,1088,1400,681,1002,277,541,73,165,11,37
50105,San Rafael,8068,7894,7319,7171,8324,8364,8725,8500,7658,7770,6856,7058,6447,6906,5676,6120,4797,5100,4686,5149,4577,4928,4498,5012,4064,4511,3123,3705,2488,3025,1779,2441,1228,1879,568,964,144,364,26,106
50112,Santa Rosa,768,777,700,701,853,810,881,809,751,639,586,612,582,590,491,486,424,437,420,398,400,373,377,371,348,321,302,231,178,189,138,158,72,102,32,44,9,11,0,3
50119,Tunuy�n,2611,2559,2308,2272,2282,2210,2382,2449,2020,2091,1948,1949,1869,1901,1550,1584,1370,1459,1143,1198,1143,1160,1045,1109,914,931,673,714,503,534,364,421,184,296,83,132,26,50,6,15
50126,Tupungato,1856,1749,1668,1592,1725,1605,1737,1681,1572,1470,1334,1359,1245,1146,991,1025,853,833,763,788,680,711,607,609,537,482,378,344,254,233,178,180,110,113,30,43,13,21,2,7
54007,Ap�stoles,2284,2221,2412,2301,2586,2557,2297,2317,1599,1671,1377,1550,1372,1464,1250,1305,1084,1093,1023,1054,916,885,765,765,606,593,447,500,353,442,239,312,146,204,58,127,25,35,4,10
54014,Caingu�s,3080,2931,3244,2996,3462,3286,3040,2953,2163,2132,1882,1830,1715,1691,1521,1470,1331,1276,1325,1210,1130,1007,972,886,714,735,665,580,500,509,307,310,158,187,68,80,24,24,4,5
54021,Candelaria,1423,1373,1577,1485,1645,1606,1548,1485,1059,1050,926,914,938,950,804,818,681,646,668,640,632,596,561,469,420,405,328,260,243,242,146,199,80,98,41,35,7,24,7,11
54028,Capital,14984,14515,15421,14893,16813,16521,16784,17151,13981,15495,12099,13509,11269,12639,9423,10936,8430,9901,8403,9547,7441,8299,6318,7065,4745,5483,3538,4228,2561,3458,1758,2613,991,1737,415,811,132,324,29,96
54035,Concepci�n,523,526,618,547,591,597,545,523,301,384,325,289,242,309,263,257,249,241,235,221,252,196,170,168,161,131,105,123,95,107,57,79,31,58,13,24,5,11,0,5
54042,El Dorado,4062,3938,4021,3801,4440,4432,4247,4226,3083,3166,2948,2988,2787,2863,2170,2442,1886,2068,2009,2094,1874,1867,1606,1545,1203,1147,882,943,737,648,477,545,298,343,111,188,54,57,8,17
54049,General Manuel Belgrano,2622,2535,2754,2652,3059,2888,2454,2387,1745,1707,1587,1583,1521,1472,1385,1257,1217,1056,1037,920,910,716,649,523,453,348,333,258,202,186,133,122,72,74,26,19,20,11,5,4
54056,Guaran�,4192,4032,4238,4056,4496,4490,3871,3876,2857,2795,2555,2429,2348,2208,2096,1941,1831,1608,1670,1403,1369,1178,1100,954,821,696,605,495,389,347,269,250,131,121,48,72,19,24,7,10
54063,Iguaz�,4612,4406,4513,4219,4916,4665,4570,4574,3366,3574,3174,3314,3073,3121,2469,2580,2165,2240,2069,2080,1904,1788,1530,1424,1034,1033,733,712,506,516,352,309,191,234,86,97,25,35,6,12
54070,Leandro N. Alem,2116,2008,2314,2334,2538,2453,2378,2314,1685,1714,1605,1728,1557,1646,1430,1417,1240,1285,1254,1139,1097,1035,925,887,739,684,559,618,502,511,293,386,174,242,63,117,18,44,6,20
54077,Libertador General San Mart�n,2420,2261,2585,2518,2847,2711,2546,2538,1870,1752,1588,1729,1548,1595,1327,1385,1198,1260,1200,1250,1142,1010,914,875,710,671,557,554,450,417,265,267,161,198,83,95,17,33,5,9
54084,Montecarlo,2020,1845,1982,1962,2288,2218,2031,2114,1351,1391,1313,1303,1289,1284,1016,1065,826,886,946,923,795,787,746,741,562,521,455,399,314,342,237,251,163,156,80,85,16,28,1,13
54091,Ober�,5631,5432,5838,5723,6291,6016,5679,5690,4580,4491,3980,3953,3651,3838,3139,3207,2666,2810,2682,2536,2409,2438,2112,2019,1666,1641,1200,1294,911,1115,624,842,359,490,140,232,55,88,11,22
54098,San Ignacio,3007,2829,3322,3165,3612,3613,3335,3309,2234,2215,1856,1980,1795,1882,1606,1621,1379,1489,1514,1457,1359,1298,1148,1024,854,835,699,696,535,523,331,394,216,256,96,124,27,61,17,15
54105,San Javier,1091,1098,1226,1189,1305,1301,1122,1036,821,829,674,790,680,742,638,603,520,485,511,532,462,454,428,370,308,317,267,239,176,174,138,131,64,104,19,28,15,13,4,2
54112,San Pedro,2053,1933,2094,1949,2289,2125,1924,1798,1296,1217,1098,1098,942,969,924,822,773,659,767,613,570,519,492,380,372,278,223,164,201,134,104,84,66,55,15,24,10,9,2,6
54119,25 de Mayo,1470,1461,1575,1580,1854,1722,1532,1484,1085,1081,1012,999,919,948,909,768,780,683,783,679,661,585,542,453,386,333,318,276,201,225,120,132,56,69,25,29,8,8,1,2
58007,Alumin�,436,383,371,388,403,402,405,429,310,297,339,340,348,341,342,291,282,266,255,230,214,171,180,141,127,116,95,76,70,55,50,40,25,41,9,17,7,7,3,4
58014,A�elo,627,624,538,542,553,520,556,579,507,488,523,462,478,423,428,326,334,308,305,239,218,181,218,152,143,109,108,61,85,45,35,29,14,14,4,1,1,2,2,4
58021,Catan Lil,99,112,97,74,112,101,123,93,95,85,91,79,89,68,83,55,74,61,50,44,53,50,53,36,42,39,35,35,36,20,21,16,6,8,6,5,5,3,0,1
58028,Coll�n Cur�,199,171,209,198,297,248,256,272,168,157,169,166,150,186,156,174,134,145,138,125,115,106,99,85,83,65,43,40,36,36,30,20,16,20,2,9,2,4,1,2
58035,Confluencia,16492,15758,14581,14234,16278,15814,16904,16512,16246,15828,14825,15185,14798,15489,12663,13640,10537,11745,10035,11176,9069,9987,7942,8688,6311,6792,4434,4811,2937,3608,1855,2609,1046,1745,512,924,131,399,22,111
58042,Chos Malal,688,664,661,576,748,729,868,847,696,607,569,633,567,644,547,644,497,503,434,471,386,346,322,254,217,202,144,183,104,122,85,102,44,58,21,42,7,19,2,3
58049,Huiliches,676,691,659,655,698,733,838,738,660,611,631,624,603,637,529,573,454,463,434,416,348,313,247,263,205,195,117,138,117,117,66,93,51,62,26,25,3,9,1,6
58056,Lacar,1398,1357,1326,1326,1438,1264,1359,1288,1105,1035,1043,1085,1235,1357,1166,1272,1041,1053,931,947,782,796,623,607,473,512,375,361,203,264,136,192,104,134,38,66,9,35,4,8
58063,Loncopu�,346,320,309,335,344,316,370,353,270,280,278,280,295,309,242,251,204,197,197,179,175,158,146,108,99,76,90,79,54,77,40,54,26,32,12,17,1,4,1,1
58070,Los Lagos,575,521,477,530,557,504,522,470,445,378,475,447,537,585,529,537,473,401,387,397,326,295,235,244,234,223,154,136,84,82,56,54,22,45,17,24,4,12,2,2
58077,Minas,345,308,316,305,433,385,375,378,250,235,264,309,347,344,350,279,265,222,210,190,170,125,128,92,102,84,69,88,56,55,29,36,14,31,11,17,3,8,1,5
58084,�orqu�n,188,202,223,201,263,241,272,234,174,159,181,172,208,199,197,180,175,131,140,129,124,77,99,76,82,57,47,43,63,41,29,35,14,18,4,9,0,1,0,4
58091,Pehuenches,1403,1369,1186,1162,1187,1127,1028,956,906,984,1277,1214,1504,1197,1221,847,942,645,687,430,581,369,415,273,280,199,158,126,104,80,56,61,33,43,7,17,3,3,2,5
58098,Pic�n Leuf�,212,228,209,184,242,242,255,196,173,172,148,162,179,174,160,167,147,136,140,127,130,91,112,71,86,54,71,68,63,32,38,41,19,21,12,12,1,1,0,2
58105,Picunches,330,327,374,306,405,357,382,385,286,262,261,289,238,257,270,233,221,206,212,184,162,132,151,101,99,105,83,101,76,57,40,43,22,23,8,11,6,14,2,1
58112,Zapala,1752,1626,1647,1572,1793,1685,1904,1794,1575,1521,1343,1445,1350,1454,1254,1355,1016,1182,1028,1146,896,935,759,796,582,602,390,472,270,366,228,277,105,185,59,109,20,44,3,9
62007,Adolfo Alsina,2507,2334,2532,2322,2615,2435,2639,2568,2226,2263,2307,2191,2217,2362,1981,2034,1628,1785,1587,1799,1448,1580,1344,1434,1173,1249,895,949,567,654,400,544,234,393,97,231,36,91,6,21
62014,Avellaneda,1643,1563,1668,1579,1844,1807,1808,1652,1509,1306,1387,1335,1428,1381,1238,1238,1066,1019,996,976,812,776,739,688,619,590,459,457,348,345,234,260,123,196,74,91,15,44,0,10
62021,Bariloche,5543,5137,5203,4951,6105,5677,6477,6368,5577,5174,5400,5362,5421,5702,4803,4906,4034,4326,3923,4191,3599,3832,3092,3284,2409,2628,1657,1985,1179,1469,776,1119,463,809,252,393,66,155,7,46
62028,Conesa,296,296,273,302,324,346,361,312,266,245,285,259,255,277,252,232,216,208,210,207,175,163,172,153,146,137,90,107,83,104,71,56,46,58,24,26,5,24,2,5
62035,El Cuy,240,241,253,231,268,277,225,184,187,164,216,223,206,185,193,169,187,135,189,120,173,91,140,91,136,86,115,73,85,45,40,36,27,24,4,13,3,4,0,1
62042,General Roca,13981,13447,13917,13425,14685,14241,14969,14709,13304,13278,12361,12692,12369,12913,10849,11472,9352,9928,8811,9361,8016,8479,7081,7500,6051,6298,4550,4930,3214,3794,2203,2893,1353,2050,584,1107,162,418,48,126
62049,9 de Julio,135,115,162,180,225,166,161,169,131,106,100,130,112,128,131,109,138,98,138,101,90,67,93,42,59,49,74,42,59,46,26,31,19,20,5,10,4,3,0,1
62056,�orquinco,56,46,78,64,99,97,82,51,54,54,81,47,59,61,71,41,52,38,52,34,66,35,68,40,59,43,49,25,37,14,23,18,11,10,5,8,3,5,0,0
62063,Pichi Mahu�da,511,517,546,491,651,685,700,683,557,531,492,523,479,510,421,436,428,430,411,416,347,358,360,343,321,320,240,274,184,206,140,164,101,148,43,89,8,32,3,8
62070,Pilnaniyeu,300,287,335,325,382,341,385,371,239,203,231,229,241,297,269,275,252,260,251,228,215,195,183,164,139,144,110,109,116,94,60,51,44,42,10,24,7,18,0,2
62077,San Antonio,1223,1192,1387,1294,1468,1442,1374,1186,1016,967,1184,1134,1106,1244,1042,955,899,875,846,805,741,717,721,691,649,618,435,444,307,335,231,268,120,170,47,86,18,39,1,7
62084,Valcheta,295,276,323,327,356,368,329,348,256,249,240,265,230,245,233,246,202,216,230,214,174,149,170,121,159,127,155,121,109,99,72,64,36,47,12,21,4,10,1,2
62091,25 de Mayo,709,736,727,737,835,717,802,737,560,639,641,647,602,553,519,544,468,463,463,385,384,338,333,267,259,230,254,244,207,167,148,141,91,86,42,34,15,12,1,6
66007,Anta,3159,3076,3209,3280,3609,3395,3212,3124,2282,2386,2333,2288,2058,1974,1826,1721,1475,1387,1356,1222,1294,1025,1036,879,840,677,589,522,519,428,329,285,172,216,80,87,21,29,1,10
66014,Cachi,332,344,471,414,520,503,453,364,245,214,215,232,248,245,227,209,181,180,169,146,153,147,122,140,107,119,98,110,75,66,57,66,23,51,17,31,5,11,1,4
66021,Cafayate,750,777,770,695,815,760,741,751,620,619,574,598,612,563,469,498,399,400,358,359,329,329,244,306,232,236,163,187,140,149,83,107,60,71,20,36,5,16,4,5
66028,Capital,24305,23525,25015,24250,26120,25209,27104,27427,23054,24173,20716,22405,19631,22009,16854,19120,14247,16015,12771,14667,11203,13322,10105,12251,8316,10149,6372,7914,4542,6137,3323,4826,1944,3233,891,1821,259,665,58,165
66035,Cerrillos,2025,1855,2094,2033,2069,2074,1973,1893,1569,1561,1428,1519,1408,1385,1110,1145,838,888,792,734,619,668,612,588,505,477,341,319,262,269,198,195,92,102,38,68,16,18,2,7
66042,Chicoana,1056,1026,1093,1028,1185,1204,1090,1144,862,830,758,826,761,783,632,622,521,541,441,413,410,385,383,386,353,351,281,247,214,211,168,161,93,98,51,54,12,27,2,7
66049,General G�emes,2157,2108,2422,2324,2654,2654,2620,2599,2012,1890,1817,1820,1710,1815,1455,1508,1209,1255,1115,1182,1004,977,975,928,719,792,543,659,500,491,335,350,169,215,77,96,27,34,1,8
66056,General Jos� de San Mart�n,9301,8676,9263,8851,9494,9249,8474,8590,6308,6380,5684,5849,5508,5933,4802,4990,4009,4100,3757,3616,3310,3103,2734,2708,1928,2030,1449,1539,1082,1212,661,831,381,542,144,271,37,81,12,21
66063,Guachipas,131,148,145,165,194,198,166,174,114,106,102,103,99,103,101,108,93,58,82,65,80,69,81,57,63,49,67,39,44,41,35,31,22,20,11,9,6,2,2,4
66070,Iruya,343,372,392,398,439,453,350,336,177,218,191,213,153,165,129,134,125,132,114,129,114,129,83,103,101,104,80,60,46,52,27,32,25,27,8,19,8,3,0,3
66077,La Caldera,359,362,411,385,413,388,426,337,306,289,287,296,301,344,265,279,210,213,219,189,164,182,167,142,132,147,119,78,69,64,55,47,28,35,20,17,5,6,1,6
66084,La Candelaria,260,265,334,323,371,323,285,297,206,193,198,185,198,183,174,146,134,149,154,123,139,108,134,105,111,98,74,87,55,63,52,51,33,34,22,18,4,13,1,1
66091,La Poma,104,97,123,112,110,127,100,91,49,55,47,55,42,56,52,43,51,36,30,42,27,34,37,34,23,31,18,27,15,20,9,10,7,14,2,5,2,1,0,0
66098,La Vi�a,311,373,392,399,437,403,387,380,253,307,267,300,257,263,226,194,180,161,161,165,156,170,173,150,128,122,129,97,121,74,77,71,41,48,19,21,12,7,1,2
66105,Los Andes,384,379,396,376,434,434,332,323,276,227,265,232,240,184,178,165,161,140,140,95,93,101,70,68,53,57,49,48,23,35,20,30,8,10,4,16,1,3,0,0
66112,Met�n,1811,1646,1942,1898,2252,2133,2335,2154,1709,1652,1406,1464,1352,1443,1145,1257,937,1046,961,1016,915,1019,901,864,695,719,579,596,429,480,368,399,218,286,90,144,29,43,5,13
66119,Molinos,305,315,350,360,424,409,384,318,169,161,158,171,163,183,140,138,126,142,99,111,84,87,70,107,82,90,67,80,72,74,44,55,30,38,12,20,3,6,3,2
66126,Or�n,8111,7622,8018,7700,8434,8302,7959,7822,5648,5769,5162,5311,4913,5159,4068,4247,3486,3467,3300,3229,2800,2770,2495,2299,1786,1800,1387,1320,969,943,667,687,321,460,139,166,29,53,6,14
66133,Rivadavia,2192,2031,2073,2080,2122,1975,1690,1568,1213,1153,1084,1033,992,936,836,777,680,616,674,543,549,437,480,353,379,334,306,265,250,188,132,155,87,76,27,37,10,16,3,5
66140,Rosario de la Frontera,1295,1322,1512,1415,1629,1586,1511,1477,1030,1058,904,1007,1006,1074,780,916,768,836,739,714,707,693,639,681,568,564,433,409,321,337,228,276,133,185,63,95,12,50,8,12
66147,Rosario de Lerma,1905,1961,2075,2077,2313,2150,2128,2096,1601,1606,1454,1551,1321,1327,1164,1212,982,1077,896,910,738,766,721,667,606,585,461,488,374,363,289,296,143,171,58,98,21,35,3,13
66154,San Carlos,393,373,398,376,444,437,389,372,242,236,234,236,227,234,172,199,184,164,178,158,142,145,117,118,115,123,96,88,85,69,67,62,28,41,20,33,4,7,3,7
66161,Santa Victoria,608,597,690,691,828,855,605,606,302,316,228,321,265,290,221,252,228,245,238,225,183,202,142,170,141,139,140,135,98,111,52,69,49,55,15,16,5,4,2,5
70007,Albard�n,1360,1310,1273,1255,1264,1176,1155,1206,934,962,918,953,874,916,769,749,599,609,508,532,494,482,483,494,405,439,299,349,191,264,146,174,95,132,37,45,13,16,4,4
70014,Angaco,450,438,438,390,430,396,394,372,331,329,313,341,276,290,236,212,164,189,149,181,186,192,206,198,150,154,141,115,89,91,70,75,34,44,8,40,9,2,1,1
70021,Calingasta,441,398,449,423,505,439,485,464,389,326,338,284,319,298,282,251,263,229,252,223,205,186,166,151,159,114,123,81,78,65,62,45,22,27,21,14,2,7,1,1
70028,Capital,4162,4034,4002,3847,3888,3735,4067,4077,3997,4067,3894,4213,3964,4383,3512,3890,2792,3130,2702,3325,2646,3377,2566,3358,2390,3322,1996,2826,1393,2293,1155,2017,758,1636,392,838,95,276,26,82
70035,Caucete,2092,2009,2075,2035,2095,1991,1941,1914,1440,1493,1406,1442,1373,1362,1118,1234,886,1006,829,862,785,903,845,823,654,720,478,582,347,404,238,336,161,231,74,110,13,27,4,5
70042,Chimbas,4621,4582,4636,4464,4548,4319,4506,4459,3838,3703,3418,3393,3270,3171,2904,2998,2258,2510,2037,2125,1741,2001,1653,1920,1381,1583,1000,1141,567,749,388,539,208,311,86,149,17,47,2,15
70049,Iglesia,350,301,351,311,353,344,364,339,545,287,712,277,769,272,632,238,414,180,341,186,285,159,210,132,153,91,99,82,57,71,59,42,21,28,10,20,5,5,1,3
70056,J�chal,886,850,1025,1024,1009,1021,1067,1095,819,710,753,724,821,714,725,723,636,620,676,627,566,608,563,482,476,420,353,370,272,305,197,196,93,153,37,70,8,23,3,10
70063,9 de julio,518,508,536,543,542,539,475,512,386,359,359,388,337,339,301,278,214,244,201,202,176,180,171,175,162,153,106,93,67,72,44,52,24,29,6,12,2,2,0,0
70070,Pocito,3101,3125,3145,2964,2839,2911,2766,2707,2170,2104,1873,2047,1954,1975,1773,1804,1297,1403,1174,1224,1055,1037,902,929,786,830,607,639,386,422,297,323,158,200,75,97,20,32,4,7
70077,Rawson,5668,5331,5483,5293,5403,5243,5485,5376,4638,4677,4250,4386,3986,4250,3595,3997,3076,3381,2857,3100,2415,2917,2395,2845,2011,2468,1548,2028,1089,1422,811,1122,450,679,188,322,46,111,6,20
70084,Rivadavia,3678,3662,3763,3650,3798,3634,3769,3797,3433,3464,3124,3207,2947,3117,2600,2947,2157,2448,2080,2571,1942,2350,1914,2328,1578,1845,1157,1432,789,984,476,779,277,468,106,236,30,85,6,13
70091,San Mart�n,601,620,594,568,587,548,565,581,514,453,455,428,399,412,319,315,241,268,253,250,237,245,220,207,198,215,166,155,100,100,71,84,44,40,20,27,7,5,0,3
70098,Santa Luc�a,2293,2146,2271,2198,2246,2093,2197,2178,1949,1877,1672,1746,1737,1865,1555,1797,1317,1418,1236,1319,1101,1259,959,1220,875,1037,727,865,483,714,342,510,211,338,90,160,20,46,1,19
70105,Sarmiento,1348,1261,1367,1269,1266,1144,1260,1139,883,802,834,815,761,770,682,667,570,535,480,474,481,440,402,368,356,336,274,273,186,194,145,108,78,83,28,31,10,8,1,2
70112,Ullum,260,259,246,260,289,268,250,229,208,208,206,184,194,176,173,153,126,143,109,106,100,92,102,76,80,71,60,74,41,38,25,26,16,12,8,11,0,5,2,0
70119,Valle F�rtil,301,261,367,355,420,413,418,444,273,240,268,217,240,229,222,231,214,185,192,188,174,173,180,144,135,123,121,95,71,72,64,56,34,45,7,32,2,13,0,3
70126,25 de Mayo,1016,1033,1099,1053,1046,981,939,892,629,640,628,637,586,550,509,481,384,402,356,332,325,317,319,271,320,267,227,203,162,158,102,82,49,66,20,21,4,9,2,2
70133,Zonda,256,261,270,254,259,269,292,241,210,191,195,194,167,185,164,145,125,112,123,111,116,98,88,97,80,66,53,54,40,49,29,21,15,18,4,10,0,0,0,1
74007,Ayacucho,851,852,919,898,946,955,931,877,648,697,708,651,669,695,545,515,558,467,467,477,506,441,514,458,448,418,343,341,247,253,169,197,101,138,43,73,28,26,6,11
74014,Belgrano,171,135,203,163,197,181,170,166,131,118,135,118,143,114,106,90,94,69,123,68,111,98,164,101,151,90,101,74,88,71,55,45,33,46,23,17,6,13,2,1
74021,Coronel Pringles,570,550,596,630,658,681,627,575,482,454,439,458,463,473,376,400,387,349,370,320,359,295,373,301,337,266,263,218,172,187,135,123,63,103,23,42,12,23,3,1
74028,Chacabuco,783,797,954,950,1003,975,980,941,768,703,680,758,764,814,689,672,617,577,595,539,547,514,543,524,462,427,387,408,266,279,188,210,101,135,39,86,12,39,3,15
74035,General Pedernera,5795,5482,5970,5888,6184,6237,6013,5851,4883,4776,4565,4669,4869,4920,4150,4177,3638,3720,3391,3458,3165,3156,2681,2845,2216,2485,1673,1923,1172,1469,891,1222,481,901,224,467,55,169,15,53
74042,Gobernador Dupuy,495,532,641,618,705,621,588,551,384,408,430,408,416,395,415,380,336,281,371,299,314,281,269,217,232,189,191,164,143,135,84,86,57,74,22,31,4,7,0,5
74049,Jun�n,1121,1089,1214,1248,1357,1271,1225,1186,965,915,922,984,1067,1063,990,978,833,850,850,853,773,827,721,733,673,672,561,687,357,488,306,413,181,245,75,148,17,65,3,7
74056,La Capital,9411,9173,9649,9339,10053,9567,9355,9614,8367,8579,7907,8316,8149,8496,6889,7115,5942,6102,5376,5627,4522,4983,4120,4529,3388,3825,2580,3072,1694,2202,1189,1686,620,1191,284,661,91,266,16,74
74063,Libertador General San Mart�n,153,159,207,204,229,236,207,200,163,133,143,140,157,139,132,100,150,108,168,102,154,111,155,115,155,102,137,116,90,75,60,57,40,44,18,29,4,12,1,2
78007,Corpen Aike,578,571,494,507,495,483,439,460,644,466,608,534,543,460,422,379,300,303,310,293,275,232,211,186,153,119,97,96,70,75,58,65,50,52,18,30,7,7,1,2
78014,Deseado,5660,5513,5369,5247,5243,4990,5072,4720,4905,4417,5178,4824,5271,4780,4306,3851,3352,3004,3094,2710,2509,2225,1880,1809,1351,1281,856,1006,700,756,431,515,217,272,89,151,19,41,3,13
78021,G�er Aike,5259,5010,5208,4994,5210,5149,5268,5229,5146,4606,5054,4733,5026,4794,4108,4021,3516,3520,3432,3367,3032,2780,2479,2222,1704,1731,1212,1338,863,934,526,686,277,424,102,197,23,70,6,11
78028,Lago Argentino,939,896,805,785,671,649,611,574,734,750,1094,1048,1255,1183,874,787,614,512,557,458,433,422,387,342,327,326,213,206,98,95,46,68,36,33,8,17,4,3,3,1
78035,Lago Buenos Aires,404,393,381,335,385,397,396,335,444,322,500,319,490,308,395,267,344,279,316,225,250,179,194,156,125,100,104,76,84,59,48,47,26,22,14,21,1,5,1,3
78042,Magallanes,441,499,464,409,402,400,431,353,375,347,496,377,486,378,373,374,307,261,260,189,237,184,164,153,111,129,91,114,63,85,50,73,26,44,9,28,7,9,1,2
78049,R�o Chico,237,250,260,232,196,194,209,197,269,209,367,229,323,187,238,152,213,133,168,107,143,83,114,72,82,44,53,46,35,23,17,26,15,12,11,5,2,3,1,1
82007,Belgrano,1731,1611,1745,1694,1715,1770,1771,1830,1756,1673,1605,1692,1728,1784,1493,1456,1275,1295,1307,1204,1157,1214,1140,1206,986,1125,833,942,657,793,475,662,279,493,160,323,44,129,8,27
82014,Caseros,2731,2598,2735,2733,2786,2716,3109,2989,3235,3139,3173,3152,3082,3039,2538,2529,2181,2279,2385,2447,2263,2378,2305,2385,2084,2240,1623,1894,1405,1759,1015,1580,662,1279,348,810,101,293,19,81
82021,Castellanos,7444,7019,7632,7415,7640,7419,7765,7485,7226,6979,7127,6807,6865,6801,5661,5611,5267,5247,5043,5031,4573,4457,3967,4099,3417,3795,2801,3389,2175,2776,1536,2402,1004,1901,470,1115,150,437,30,114
82028,Constituci�n,3273,3070,3529,3292,3372,3384,3515,3414,3308,3297,3305,3298,3141,3239,2768,2740,2469,2565,2444,2573,2280,2414,2177,2286,1943,2087,1546,1782,1334,1687,988,1388,647,1058,309,583,81,230,24,70
82035,Garay,882,787,1036,1008,1164,1170,1164,1157,930,806,824,822,723,734,636,578,513,530,518,508,465,432,464,433,429,379,308,284,202,249,144,190,89,144,43,89,19,24,4,9
82042,General L�pez,6967,6652,7491,7149,7692,7518,7882,7571,6878,6858,6965,6729,6843,6834,5861,6171,5451,5658,5605,5730,5231,5365,4924,5017,4276,4782,3628,4228,2964,3789,2255,3304,1427,2400,643,1419,165,534,33,135
82049,General Obligado,7600,7259,9070,8747,9335,8889,9043,8844,6924,7158,6358,6689,6379,6508,5227,5653,4617,5031,4886,5184,4398,4473,3954,3940,2987,3024,2232,2482,1687,2109,1132,1611,676,1054,345,520,91,218,25,51
82056,Iriondo,2364,2204,2390,2326,2405,2502,2663,2627,2549,2437,2543,2483,2390,2506,2038,2027,1869,1956,1873,1929,1852,1874,1827,1785,1645,1750,1270,1440,1111,1370,825,1189,568,895,271,576,87,192,11,56
82063,La Capital,20824,20109,22231,21510,22408,21620,22456,22683,22900,23249,21272,21941,20695,21680,16767,17639,13933,14999,13363,14939,12347,14128,11436,13428,9923,11969,7454,9801,5410,8148,3798,6845,2345,5041,1058,2951,268,1165,71,289
82070,Las Colonias,3883,3785,4268,4180,4190,4104,4373,4179,4539,4349,4252,4027,4066,4105,3447,3313,3033,2922,2938,3043,2721,2699,2452,2463,2175,2270,1748,2011,1407,1854,1057,1565,682,1261,351,781,73,296,19,65
82077,9 de Julio,1380,1324,1707,1616,1689,1624,1435,1440,1128,1115,1052,1073,1076,1101,921,959,891,832,783,747,728,658,707,617,543,487,434,403,278,302,148,237,83,140,45,79,14,25,1,10
82084,Rosario,44015,42540,41275,39928,43504,42225,48683,48604,52674,53511,51237,51471,48437,50055,38331,40079,33218,34901,32074,34393,30271,33726,27970,31784,23567,28534,18806,23986,14730,20764,11124,18189,7159,14809,3337,8690,902,3046,192,864
82091,San Cristobal,2865,2701,3098,3147,3311,3132,3147,3124,2642,2468,2394,2474,2428,2419,2127,2207,1910,1923,2005,1972,1855,1745,1671,1572,1378,1498,1084,1255,895,1103,568,869,402,692,182,400,45,131,12,27
82098,San Javier,1261,1187,1554,1532,1790,1730,1764,1680,1237,1182,1098,1149,1029,1052,845,911,802,798,810,885,837,753,733,602,558,542,427,445,341,363,215,294,126,193,51,112,15,38,4,14
82105,San Jer�nimo,2991,2891,3283,3230,3448,3339,3603,3424,3303,2971,3271,2901,3042,2960,2587,2517,2330,2283,2263,2292,2093,2049,1927,1992,1702,1821,1444,1554,1106,1454,809,1185,540,964,301,608,75,220,16,51
82112,San Justo,1631,1497,1825,1701,2002,1849,1800,1787,1571,1524,1413,1489,1465,1498,1188,1267,1102,1151,1175,1134,999,1060,997,978,834,935,691,847,592,701,411,553,273,438,118,251,33,92,4,28
82119,San Lorenzo,6511,6180,6258,6192,6233,6176,6737,6752,6614,6495,6489,6460,6288,6520,4935,5072,4363,4628,4405,4493,4042,4117,3616,3829,3153,3492,2528,2847,1894,2525,1342,2006,797,1495,361,906,83,323,19,79
82126,San Mart�n,2429,2293,2510,2309,2521,2452,2651,2500,2427,2266,2298,2313,2353,2297,1896,1947,1867,1793,1994,1986,1689,1729,1668,1648,1434,1524,1131,1332,963,1260,744,1058,489,878,254,566,71,225,16,61
82133,Vera,2212,2109,2702,2698,2933,2738,2760,2644,1854,1869,1774,1919,1779,1857,1507,1578,1419,1366,1346,1344,1265,1218,1232,1137,990,986,708,711,528,594,331,460,221,333,80,148,42,72,3,27
86007,Aguirre,341,330,437,411,448,456,373,360,275,288,292,297,305,303,268,210,179,172,168,155,186,155,179,138,140,121,150,100,86,79,51,57,23,29,5,19,6,16,1,1
86014,Alberdi,1005,950,1132,1116,1195,1216,897,900,683,596,631,586,649,566,482,444,451,314,424,334,367,272,311,212,222,193,192,153,184,146,121,94,56,72,24,34,7,16,2,3
86021,Atamisqui,658,688,662,688,697,657,603,542,381,430,332,355,314,315,294,250,236,249,225,227,225,195,206,184,172,168,139,154,110,131,78,109,58,90,28,39,13,16,2,3
86028,Avellaneda,1221,1181,1338,1351,1395,1345,1121,1072,768,800,706,745,658,688,571,538,466,398,459,374,423,366,421,322,305,252,260,250,193,196,131,124,69,115,34,54,6,40,3,4
86035,Banda,6706,6746,7186,6988,7959,7911,7507,7562,5868,6067,5449,5708,5201,5690,4257,4640,3374,3643,3168,3465,3085,3271,2880,2927,2270,2375,1598,1750,1191,1567,802,1165,491,829,226,431,85,162,17,62
86042,Belgrano,421,394,486,428,535,505,508,507,353,366,375,376,364,353,293,277,293,261,260,224,220,180,168,155,150,130,133,121,84,89,51,63,28,41,8,29,3,8,1,2
86049,Capital,11319,11026,12244,12011,13770,13479,13309,13516,10954,11428,10239,11188,10369,11438,8719,9682,7080,7910,6319,6991,5671,6600,5340,6261,4224,5037,3044,4026,2127,3085,1441,2501,969,1803,402,961,125,369,38,110
86056,Copo,1814,1840,1917,1907,2013,1907,1699,1679,1322,1152,1198,1104,1126,1004,957,813,768,683,742,614,691,569,616,479,436,385,339,303,289,281,220,165,109,112,40,66,14,20,3,8
86063,Choya,1658,1518,1641,1632,1866,1708,1719,1678,1334,1245,1304,1343,1281,1358,1044,1089,828,825,827,899,843,910,864,864,653,655,498,568,344,426,232,348,140,259,61,126,15,49,4,11
86070,Figueroa,1064,1008,1114,1025,1155,1103,1013,920,688,594,630,548,546,471,525,421,459,344,405,315,437,329,381,291,331,196,221,201,222,199,129,162,98,106,44,55,17,31,7,15
86077,General Taboada,2062,1987,2182,2171,2380,2325,2040,2035,1409,1567,1355,1417,1332,1441,1127,1071,961,904,896,807,793,754,714,626,567,544,459,452,314,380,197,271,133,189,57,102,18,48,3,15
86084,Guasay�n,322,375,415,376,443,415,433,362,310,292,296,248,242,231,230,237,162,153,195,178,193,169,197,158,143,124,125,120,92,86,65,53,49,49,16,27,5,7,2,7
86091,Jim�nez,766,773,805,847,858,802,798,743,563,503,514,539,499,461,378,334,319,308,339,342,355,315,313,220,260,228,199,170,156,140,114,105,75,82,35,46,9,27,6,6
86098,Juan F. Ibarra,945,992,1174,1136,1206,1229,1035,869,739,612,624,648,561,601,446,472,462,373,424,323,360,343,430,365,280,218,215,186,162,171,104,95,47,112,13,37,10,25,3,4
86105,Loreto,1045,1069,1157,1093,1237,1268,1069,1056,695,844,652,801,589,726,586,586,455,475,433,464,394,420,394,341,294,307,251,259,187,223,134,166,65,132,39,81,17,25,3,4
86112,Mitre,107,95,91,120,111,118,81,72,78,82,65,55,65,59,61,38,57,35,49,42,58,39,55,43,36,25,35,18,19,23,18,14,7,6,2,5,1,4,1,0
86119,Moreno,1909,1939,1996,2019,1971,1945,1779,1615,1265,1247,1291,1245,1176,1168,982,847,815,648,740,606,670,583,571,458,395,312,311,276,262,286,195,201,97,139,41,73,17,27,4,9
86126,Ojo de agua,656,628,798,798,829,803,786,756,459,464,409,447,412,447,395,427,408,386,356,305,343,336,322,276,270,261,215,230,144,171,93,130,60,89,24,36,9,23,1,6
86133,Pelegrini,1175,1096,1271,1210,1280,1176,1053,1014,752,783,700,705,665,653,538,529,470,424,508,443,486,388,443,335,369,282,306,246,259,229,179,155,129,104,39,53,24,33,4,6
86140,Quebrachos,549,550,591,610,653,651,572,541,340,367,293,316,302,346,325,303,302,237,264,226,275,229,206,190,210,203,172,169,110,135,70,85,33,65,13,46,3,10,1,5
86147,R�o Hondo,2661,2623,2865,2857,3136,3037,2828,2828,2038,2097,1873,1991,1883,1992,1570,1788,1528,1425,1366,1284,1242,1199,1101,1084,903,1008,722,732,560,653,433,535,246,336,113,185,43,66,14,22
86154,Rivadavia,239,209,274,242,277,245,251,247,204,202,188,187,214,186,151,139,164,149,149,140,118,114,117,99,91,75,60,62,51,48,22,40,17,22,5,9,2,5,0,1
86161,Robles,2399,2358,2511,2428,2720,2583,2403,2369,1831,1859,1626,1715,1583,1598,1244,1278,1094,1028,970,925,910,890,869,739,728,585,572,542,413,407,266,321,162,211,62,117,23,56,5,15
86168,Salavina,697,698,780,713,738,681,544,526,364,396,374,368,325,344,310,268,289,222,280,221,245,192,224,149,191,150,183,145,133,104,75,79,52,65,27,36,11,12,3,3
86175,San Mart�n,609,584,642,580,629,618,504,502,320,369,330,308,307,321,257,241,213,179,198,169,192,170,190,156,162,142,144,152,134,123,87,100,49,58,18,39,10,18,0,7
86182,Sarmiento,310,241,293,297,333,312,255,240,156,148,157,167,135,158,136,114,93,85,101,91,95,83,90,55,75,56,58,50,39,47,33,27,19,18,11,19,3,3,0,4
86189,Sil�pica,381,358,434,405,510,439,455,402,300,282,248,301,229,226,240,223,223,189,184,143,151,153,170,123,128,111,134,121,90,69,68,74,36,48,23,18,6,13,1,3
90007,Burruyac�,1905,1815,2056,2037,2100,2135,2078,1934,1564,1544,1480,1445,1362,1290,1072,991,880,828,836,756,882,823,820,602,622,565,465,395,357,323,238,230,152,132,74,99,31,25,5,3
90014,Cruz Alta,8919,8659,9457,9217,9787,9509,9332,9128,7621,7768,7240,7335,7211,7614,5633,5775,4385,4570,4157,4417,4032,4416,3647,3678,2831,2995,1906,2174,1313,1500,956,1235,497,766,231,373,57,116,11,31
90021,Chicligasta,3576,3502,4037,3865,4175,4339,4005,4198,3258,3239,3098,3092,2994,3100,2493,2701,2101,2252,1822,1919,1812,1840,1805,1879,1502,1510,1097,1204,709,893,537,728,329,526,164,265,37,108,5,19
90028,Famall�,1769,1768,1893,1771,1914,1918,1802,1809,1460,1448,1406,1382,1369,1392,972,964,757,830,751,781,803,823,791,724,612,522,345,409,234,276,169,242,104,161,45,70,17,29,3,7
90035,Graneros,606,586,730,675,780,783,706,688,556,525,478,458,473,457,391,371,364,300,347,316,342,320,362,240,293,206,217,172,163,129,107,120,72,87,41,50,6,25,1,8
90042,Juan B. Alberdi,1421,1382,1409,1409,1574,1596,1587,1563,1291,1229,1100,1184,1078,1132,907,949,778,808,747,767,735,776,688,698,552,524,383,406,256,279,188,268,145,206,43,93,20,44,8,14
90049,La Cocha,937,934,955,1020,1115,1118,1030,1068,791,762,716,716,699,671,559,550,453,461,482,431,475,423,407,332,313,262,243,206,142,154,121,144,91,96,29,48,17,21,3,7
90056,Leales,2518,2337,2671,2623,2786,2693,2848,2719,2215,2216,2056,2069,2097,2107,1598,1577,1332,1379,1382,1389,1421,1334,1419,1280,1068,1018,808,798,619,652,441,510,271,301,122,160,33,50,10,22
90063,Lules,3655,3610,3677,3420,3709,3528,3340,3299,2867,2896,2713,2905,2952,3035,2100,2219,1698,1650,1507,1531,1523,1555,1350,1403,1059,1157,694,844,481,582,343,478,182,249,76,125,17,35,2,8
90070,Monteros,3002,2877,3044,3046,3147,3103,3159,3184,2507,2635,2467,2639,2541,2472,1787,1906,1547,1549,1475,1564,1593,1569,1552,1520,1239,1219,840,866,619,729,466,611,262,416,122,214,44,78,11,20
90077,R�o Chico,2582,2476,2867,2700,2952,2923,3025,2863,2306,2319,2115,2223,2276,2244,1676,1778,1433,1448,1334,1300,1329,1438,1388,1370,1082,1018,696,781,498,605,364,473,250,352,98,181,21,48,6,9
90084,Capital,22409,21973,23038,22449,24115,23502,24664,24995,24605,25727,22183,23178,22017,23407,16522,18092,13727,15316,13169,15157,12968,15603,12277,14527,9717,11946,7017,9125,4956,7700,3845,6702,2387,4841,1052,2517,272,848,70,251
90091,Simoca,1395,1359,1505,1377,1679,1525,1603,1546,1223,1124,1144,1086,1055,990,830,801,785,737,722,726,865,787,862,699,615,554,504,502,400,406,327,360,224,245,104,126,29,40,7,8
90098,Taf� del Valle,696,652,749,758,831,792,748,693,612,572,546,517,538,507,435,424,425,381,412,378,364,344,338,279,244,272,224,201,203,176,150,162,79,88,45,52,22,16,3,5
90105,Taf� Viejo,5862,5551,6244,6116,6551,6298,6027,6173,5148,5067,4424,4678,4766,5167,3888,4050,3200,3431,2846,3218,2684,2936,2489,2691,1903,2078,1295,1431,933,1192,645,957,391,662,133,319,46,106,12,30
90112,Trancas,871,846,1015,936,1091,1075,934,875,649,632,591,588,620,606,523,491,445,420,409,380,353,322,341,293,321,294,247,229,212,192,128,139,93,89,35,48,12,18,3,5
90119,Yerba Buena,3182,3123,3666,3647,3972,3684,3812,3780,3263,3263,2579,2770,2606,2967,2472,2867,2254,2500,2151,2329,1862,2080,1656,1655,1159,1266,796,895,520,626,327,474,191,324,82,175,22,53,4,22
94007,R�o Grande,3379,3064,3396,3216,3379,3198,3373,3113,3249,2925,3227,3065,3228,3067,2465,2460,2106,2161,2402,2368,2086,1798,1476,1347,953,840,542,543,344,380,203,269,83,174,46,77,7,25,3,5
94014,Ushuaia,2545,2490,2591,2389,2650,2533,2582,2535,2326,2147,2510,2452,2644,2530,2419,2314,2045,1944,2187,2007,1772,1546,1131,1022,760,729,434,455,280,314,140,184,77,138,30,71,5,22,2,4
94021,Islas del Atl�ntico sur,0,0,0,0,0,0,0,0,0,0,1,0,7,0,5,0,2,0,1,0,1,0,0,0,0,0,0,0,0,0,0,0,0,0,0,0,0,0,0,0
94028,Ant�rtida Argentina,2,0,4,3,1,4,2,0,3,1,17,4,41,4,37,6,22,3,20,2,10,0,1,2,1,0,0,0,0,0,0,0,0,0,0,0,0,0,0,0
